"System.ObjectModel, Version=4.1.1.0, Culture=neutral, PublicKeyToken=b03f5f7f11d50a3a","","1598978698","FAU0AAAAVgBTAF8AVgBFAFIAUwBJAE8ATgBfAEkATgBGAE8AAAAAAL0E7/4AAAEABgAEAAIAdXIAAAAAAAAAAD8AAAAAAAAABAAAAAIAAAAAAAAAAAAAAAAAAABEAAAAAQBWAGEAcgBGAGkAbABlAEkAbgBmAG8AAAAAACQABAAAAFQAcgBhAG4AcwBsAGEAdABpAG8AbgAAAAAAAACwBHQEAAABAFMAdAByAGkAbgBnAEYAaQBsAGUASQBuAGYAbwAAAFAEAAABADAAMAAwADAAMAA0AGIAMAAAAD4AEwABAEMAbwBtAG0AZQBuAHQAcwAAAFMAeQBzAHQAZQBtAC4ATwBiAGoAZQBjAHQATQBvAGQAZQBsAAAAAABMABYAAQBDAG8AbQBwAGEAbgB5AE4AYQBtAGUAAAAAAE0AaQBjAHIAbwBzAG8AZgB0ACAAQwBvAHIAcABvAHIAYQB0AGkAbwBuAAAATgATAAEARgBpAGwAZQBEAGUAcwBjAHIAaQBwAHQAaQBvAG4AAAAAAFMAeQBzAHQAZQBtAC4ATwBiAGoAZQBjAHQATQBvAGQAZQBsAAAAAAA6AA0AAQBGAGkAbABlAFYAZQByAHMAaQBvAG4AAAAAADQALgA2AC4AMgA5ADMAMAAxAC4AMAAyAAAAAABOABcAAQBJAG4AdABlAHIAbgBhAGwATgBhAG0AZQAAAFMAeQBzAHQAZQBtAC4ATwBiAGoAZQBjAHQATQBvAGQAZQBsAC4AZABsAGwAAAAAAIAALgABAEwAZQBnAGEAbABDAG8AcAB5AHIAaQBnAGgAdAAAAKkAIABNAGkAYwByAG8AcwBvAGYAdAAgAEMAbwByAHAAbwByAGEAdABpAG8AbgAuACAAQQBsAGwAIAByAGkAZwBoAHQAcwAgAHIAZQBzAGUAcgB2AGUAZAAuAAAAVgAXAAEATwByAGkAZwBpAG4AYQBsAEYAaQBsAGUAbgBhAG0AZQAAAFMAeQBzAHQAZQBtAC4ATwBiAGoAZQBjAHQATQBvAGQAZQBsAC4AZABsAGwAAAAAAFQAGgABAFAAcgBvAGQAdQBjAHQATgBhAG0AZQAAAAAATQBpAGMAcgBvAHMAbwBmAHQArgAgAC4ATgBFAFQAIABGAHIAYQBtAGUAdwBvAHIAawAAAGwBpAABAFAAcgBvAGQAdQBjAHQAVgBlAHIAcwBpAG8AbgAAADQALgA2AC4AMgA5ADMAMAAxAC4AMAAyACAAQABCAHUAaQBsAHQAQgB5ADoAIABkAGwAYQBiADEANAAtAHYAcwAyADAAMQA3AG0AYgA2ADAAMAAwADAAMQAxACAAQABCAHIAYQBuAGMAaAA6ACAAagB1AGgAbwB5AG8AcwBhAC8AdABlAHMAdAAtAHAAbwBvAGwAcwAgAEAAUwByAGMAQwBvAGQAZQA6ACAAaAB0AHQAcABzADoALwAvAGcAaQB0AGgAdQBiAC4AYwBvAG0ALwBkAG8AdABuAGUAdAAvAGMAbwByAGUAZgB4AC8AdAByAGUAZQAvAGIANQAyADEAYQA2AGQAMgBlADkAMwA4AGUANwA1AGYANQA4ADgAOQBjAGEAYQA4ADgANAA0ADEANwA5ADMANQAyAGIAOABlADcAOABkADEAAAA4AAgAAQBBAHMAcwBlAG0AYgBsAHkAIABWAGUAcgBzAGkAbwBuAAAANAAuADEALgAxAC4AMAAAAA==","PDBPresent","","v4.0.30319"
"System.Private.StackTraceMetadata, Version=4.0.0.0, Culture=neutral, PublicKeyToken=b03f5f7f11d50a3a","","1605178960","tAQ0AAAAVgBTAF8AVgBFAFIAUwBJAE8ATgBfAEkATgBGAE8AAAAAAL0E7/4AAAEABgAEAAAASHMAAAAAAAAAAD8AAAAAAAAABAAAAAIAAAAAAAAAAAAAAAAAAABEAAAAAQBWAGEAcgBGAGkAbABlAEkAbgBmAG8AAAAAACQABAAAAFQAcgBhAG4AcwBsAGEAdABpAG8AbgAAAAAAAACwBBQEAAABAFMAdAByAGkAbgBnAEYAaQBsAGUASQBuAGYAbwAAAPADAAABADAAMAAwADAAMAA0AGIAMAAAAFwAIgABAEMAbwBtAG0AZQBuAHQAcwAAAFMAeQBzAHQAZQBtAC4AUAByAGkAdgBhAHQAZQAuAFMAdABhAGMAawBUAHIAYQBjAGUATQBlAHQAYQBkAGEAdABhAAAATAAWAAEAQwBvAG0AcABhAG4AeQBOAGEAbQBlAAAAAABNAGkAYwByAG8AcwBvAGYAdAAgAEMAbwByAHAAbwByAGEAdABpAG8AbgAAAGwAIgABAEYAaQBsAGUARABlAHMAYwByAGkAcAB0AGkAbwBuAAAAAABTAHkAcwB0AGUAbQAuAFAAcgBpAHYAYQB0AGUALgBTAHQAYQBjAGsAVAByAGEAYwBlAE0AZQB0AGEAZABhAHQAYQAAADoADQABAEYAaQBsAGUAVgBlAHIAcwBpAG8AbgAAAAAANAAuADYALgAyADkANQAxADIALgAwADAAAAAAAGwAJgABAEkAbgB0AGUAcgBuAGEAbABOAGEAbQBlAAAAUwB5AHMAdABlAG0ALgBQAHIAaQB2AGEAdABlAC4AUwB0AGEAYwBrAFQAcgBhAGMAZQBNAGUAdABhAGQAYQB0AGEALgBkAGwAbAAAAIIALwABAEwAZQBnAGEAbABDAG8AcAB5AHIAaQBnAGgAdAAAAKkAIABNAGkAYwByAG8AcwBvAGYAdAAgAEMAbwByAHAAbwByAGEAdABpAG8AbgAuACAAIABBAGwAbAAgAHIAaQBnAGgAdABzACAAcgBlAHMAZQByAHYAZQBkAC4AAAAAAHQAJgABAE8AcgBpAGcAaQBuAGEAbABGAGkAbABlAG4AYQBtAGUAAABTAHkAcwB0AGUAbQAuAFAAcgBpAHYAYQB0AGUALgBTAHQAYQBjAGsAVAByAGEAYwBlAE0AZQB0AGEAZABhAHQAYQAuAGQAbABsAAAAVAAaAAEAUAByAG8AZAB1AGMAdABOAGEAbQBlAAAAAABNAGkAYwByAG8AcwBvAGYAdACuACAALgBOAEUAVAAgAEYAcgBhAG0AZQB3AG8AcgBrAAAAmAA6AAEAUAByAG8AZAB1AGMAdABWAGUAcgBzAGkAbwBuAAAANAAuADYALgAyADkANQAxADIALgAwADAAIABiAHUAaQBsAHQAIABiAHkAOgAgAGQAbABhAGIAMQA0AC0ARABEAEIATABEADMANAAyAEIALgAgAEMAbwBtAG0AaQB0ACAASABhAHMAaAA6ACAATgAvAEEAAAA4AAgAAQBBAHMAcwBlAG0AYgBsAHkAIABWAGUAcgBzAGkAbwBuAAAANAAuADAALgAwAC4AMAAAAA==","PDBPresent","","v4.0.30319"
"System.Private.Reflection.Execution, Version=4.0.0.0, Culture=neutral, PublicKeyToken=b03f5f7f11d50a3a","","1605178958","xAQ0AAAAVgBTAF8AVgBFAFIAUwBJAE8ATgBfAEkATgBGAE8AAAAAAL0E7/4AAAEABgAEAAAASHMAAAAAAAAAAD8AAAAAAAAABAAAAAIAAAAAAAAAAAAAAAAAAABEAAAAAQBWAGEAcgBGAGkAbABlAEkAbgBmAG8AAAAAACQABAAAAFQAcgBhAG4AcwBsAGEAdABpAG8AbgAAAAAAAACwBCQEAAABAFMAdAByAGkAbgBnAEYAaQBsAGUASQBuAGYAbwAAAAAEAAABADAAMAAwADAAMAA0AGIAMAAAAGAAJAABAEMAbwBtAG0AZQBuAHQAcwAAAFMAeQBzAHQAZQBtAC4AUAByAGkAdgBhAHQAZQAuAFIAZQBmAGwAZQBjAHQAaQBvAG4ALgBFAHgAZQBjAHUAdABpAG8AbgAAAEwAFgABAEMAbwBtAHAAYQBuAHkATgBhAG0AZQAAAAAATQBpAGMAcgBvAHMAbwBmAHQAIABDAG8AcgBwAG8AcgBhAHQAaQBvAG4AAABwACQAAQBGAGkAbABlAEQAZQBzAGMAcgBpAHAAdABpAG8AbgAAAAAAUwB5AHMAdABlAG0ALgBQAHIAaQB2AGEAdABlAC4AUgBlAGYAbABlAGMAdABpAG8AbgAuAEUAeABlAGMAdQB0AGkAbwBuAAAAOgANAAEARgBpAGwAZQBWAGUAcgBzAGkAbwBuAAAAAAA0AC4ANgAuADIAOQA1ADEAMgAuADAAMAAAAAAAcAAoAAEASQBuAHQAZQByAG4AYQBsAE4AYQBtAGUAAABTAHkAcwB0AGUAbQAuAFAAcgBpAHYAYQB0AGUALgBSAGUAZgBsAGUAYwB0AGkAbwBuAC4ARQB4AGUAYwB1AHQAaQBvAG4ALgBkAGwAbAAAAIIALwABAEwAZQBnAGEAbABDAG8AcAB5AHIAaQBnAGgAdAAAAKkAIABNAGkAYwByAG8AcwBvAGYAdAAgAEMAbwByAHAAbwByAGEAdABpAG8AbgAuACAAIABBAGwAbAAgAHIAaQBnAGgAdABzACAAcgBlAHMAZQByAHYAZQBkAC4AAAAAAHgAKAABAE8AcgBpAGcAaQBuAGEAbABGAGkAbABlAG4AYQBtAGUAAABTAHkAcwB0AGUAbQAuAFAAcgBpAHYAYQB0AGUALgBSAGUAZgBsAGUAYwB0AGkAbwBuAC4ARQB4AGUAYwB1AHQAaQBvAG4ALgBkAGwAbAAAAFQAGgABAFAAcgBvAGQAdQBjAHQATgBhAG0AZQAAAAAATQBpAGMAcgBvAHMAbwBmAHQArgAgAC4ATgBFAFQAIABGAHIAYQBtAGUAdwBvAHIAawAAAJgAOgABAFAAcgBvAGQAdQBjAHQAVgBlAHIAcwBpAG8AbgAAADQALgA2AC4AMgA5ADUAMQAyAC4AMAAwACAAYgB1AGkAbAB0ACAAYgB5ADoAIABkAGwAYQBiADEANAAtAEQARABCAEwARAAzADQAMgBCAC4AIABDAG8AbQBtAGkAdAAgAEgAYQBzAGgAOgAgAE4ALwBBAAAAOAAIAAEAQQBzAHMAZQBtAGIAbAB5ACAAVgBlAHIAcwBpAG8AbgAAADQALgAwAC4AMAAuADAAAAA=","PDBPresent","","v4.0.30319"
"System.Diagnostics.Tools, Version=4.1.1.0, Culture=neutral, PublicKeyToken=b03f5f7f11d50a3a","","1598978689","RAU0AAAAVgBTAF8AVgBFAFIAUwBJAE8ATgBfAEkATgBGAE8AAAAAAL0E7/4AAAEABgAEAAIAdXIAAAAAAAAAAD8AAAAAAAAABAAAAAIAAAAAAAAAAAAAAAAAAABEAAAAAQBWAGEAcgBGAGkAbABlAEkAbgBmAG8AAAAAACQABAAAAFQAcgBhAG4AcwBsAGEAdABpAG8AbgAAAAAAAACwBKQEAAABAFMAdAByAGkAbgBnAEYAaQBsAGUASQBuAGYAbwAAAIAEAAABADAAMAAwADAAMAA0AGIAMAAAAEoAGQABAEMAbwBtAG0AZQBuAHQAcwAAAFMAeQBzAHQAZQBtAC4ARABpAGEAZwBuAG8AcwB0AGkAYwBzAC4AVABvAG8AbABzAAAAAABMABYAAQBDAG8AbQBwAGEAbgB5AE4AYQBtAGUAAAAAAE0AaQBjAHIAbwBzAG8AZgB0ACAAQwBvAHIAcABvAHIAYQB0AGkAbwBuAAAAWgAZAAEARgBpAGwAZQBEAGUAcwBjAHIAaQBwAHQAaQBvAG4AAAAAAFMAeQBzAHQAZQBtAC4ARABpAGEAZwBuAG8AcwB0AGkAYwBzAC4AVABvAG8AbABzAAAAAAA6AA0AAQBGAGkAbABlAFYAZQByAHMAaQBvAG4AAAAAADQALgA2AC4AMgA5ADMAMAAxAC4AMAAyAAAAAABaAB0AAQBJAG4AdABlAHIAbgBhAGwATgBhAG0AZQAAAFMAeQBzAHQAZQBtAC4ARABpAGEAZwBuAG8AcwB0AGkAYwBzAC4AVABvAG8AbABzAC4AZABsAGwAAAAAAIAALgABAEwAZQBnAGEAbABDAG8AcAB5AHIAaQBnAGgAdAAAAKkAIABNAGkAYwByAG8AcwBvAGYAdAAgAEMAbwByAHAAbwByAGEAdABpAG8AbgAuACAAQQBsAGwAIAByAGkAZwBoAHQAcwAgAHIAZQBzAGUAcgB2AGUAZAAuAAAAYgAdAAEATwByAGkAZwBpAG4AYQBsAEYAaQBsAGUAbgBhAG0AZQAAAFMAeQBzAHQAZQBtAC4ARABpAGEAZwBuAG8AcwB0AGkAYwBzAC4AVABvAG8AbABzAC4AZABsAGwAAAAAAFQAGgABAFAAcgBvAGQAdQBjAHQATgBhAG0AZQAAAAAATQBpAGMAcgBvAHMAbwBmAHQArgAgAC4ATgBFAFQAIABGAHIAYQBtAGUAdwBvAHIAawAAAGwBpAABAFAAcgBvAGQAdQBjAHQAVgBlAHIAcwBpAG8AbgAAADQALgA2AC4AMgA5ADMAMAAxAC4AMAAyACAAQABCAHUAaQBsAHQAQgB5ADoAIABkAGwAYQBiADEANAAtAHYAcwAyADAAMQA3AG0AYgA2ADAAMAAwADAAMQAxACAAQABCAHIAYQBuAGMAaAA6ACAAagB1AGgAbwB5AG8AcwBhAC8AdABlAHMAdAAtAHAAbwBvAGwAcwAgAEAAUwByAGMAQwBvAGQAZQA6ACAAaAB0AHQAcABzADoALwAvAGcAaQB0AGgAdQBiAC4AYwBvAG0ALwBkAG8AdABuAGUAdAAvAGMAbwByAGUAZgB4AC8AdAByAGUAZQAvAGIANQAyADEAYQA2AGQAMgBlADkAMwA4AGUANwA1AGYANQA4ADgAOQBjAGEAYQA4ADgANAA0ADEANwA5ADMANQAyAGIAOABlADcAOABkADEAAAA4AAgAAQBBAHMAcwBlAG0AYgBsAHkAIABWAGUAcgBzAGkAbwBuAAAANAAuADEALgAxAC4AMAAAAA==","PDBNotPresent","","v4.0.30319"
"System.Collections, Version=4.1.1.0, Culture=neutral, PublicKeyToken=b03f5f7f11d50a3a","","1598978697","FAU0AAAAVgBTAF8AVgBFAFIAUwBJAE8ATgBfAEkATgBGAE8AAAAAAL0E7/4AAAEABgAEAAIAdXIAAAAAAAAAAD8AAAAAAAAABAAAAAIAAAAAAAAAAAAAAAAAAABEAAAAAQBWAGEAcgBGAGkAbABlAEkAbgBmAG8AAAAAACQABAAAAFQAcgBhAG4AcwBsAGEAdABpAG8AbgAAAAAAAACwBHQEAAABAFMAdAByAGkAbgBnAEYAaQBsAGUASQBuAGYAbwAAAFAEAAABADAAMAAwADAAMAA0AGIAMAAAAD4AEwABAEMAbwBtAG0AZQBuAHQAcwAAAFMAeQBzAHQAZQBtAC4AQwBvAGwAbABlAGMAdABpAG8AbgBzAAAAAABMABYAAQBDAG8AbQBwAGEAbgB5AE4AYQBtAGUAAAAAAE0AaQBjAHIAbwBzAG8AZgB0ACAAQwBvAHIAcABvAHIAYQB0AGkAbwBuAAAATgATAAEARgBpAGwAZQBEAGUAcwBjAHIAaQBwAHQAaQBvAG4AAAAAAFMAeQBzAHQAZQBtAC4AQwBvAGwAbABlAGMAdABpAG8AbgBzAAAAAAA6AA0AAQBGAGkAbABlAFYAZQByAHMAaQBvAG4AAAAAADQALgA2AC4AMgA5ADMAMAAxAC4AMAAyAAAAAABOABcAAQBJAG4AdABlAHIAbgBhAGwATgBhAG0AZQAAAFMAeQBzAHQAZQBtAC4AQwBvAGwAbABlAGMAdABpAG8AbgBzAC4AZABsAGwAAAAAAIAALgABAEwAZQBnAGEAbABDAG8AcAB5AHIAaQBnAGgAdAAAAKkAIABNAGkAYwByAG8AcwBvAGYAdAAgAEMAbwByAHAAbwByAGEAdABpAG8AbgAuACAAQQBsAGwAIAByAGkAZwBoAHQAcwAgAHIAZQBzAGUAcgB2AGUAZAAuAAAAVgAXAAEATwByAGkAZwBpAG4AYQBsAEYAaQBsAGUAbgBhAG0AZQAAAFMAeQBzAHQAZQBtAC4AQwBvAGwAbABlAGMAdABpAG8AbgBzAC4AZABsAGwAAAAAAFQAGgABAFAAcgBvAGQAdQBjAHQATgBhAG0AZQAAAAAATQBpAGMAcgBvAHMAbwBmAHQArgAgAC4ATgBFAFQAIABGAHIAYQBtAGUAdwBvAHIAawAAAGwBpAABAFAAcgBvAGQAdQBjAHQAVgBlAHIAcwBpAG8AbgAAADQALgA2AC4AMgA5ADMAMAAxAC4AMAAyACAAQABCAHUAaQBsAHQAQgB5ADoAIABkAGwAYQBiADEANAAtAHYAcwAyADAAMQA3AG0AYgA2ADAAMAAwADAAMQAxACAAQABCAHIAYQBuAGMAaAA6ACAAagB1AGgAbwB5AG8AcwBhAC8AdABlAHMAdAAtAHAAbwBvAGwAcwAgAEAAUwByAGMAQwBvAGQAZQA6ACAAaAB0AHQAcABzADoALwAvAGcAaQB0AGgAdQBiAC4AYwBvAG0ALwBkAG8AdABuAGUAdAAvAGMAbwByAGUAZgB4AC8AdAByAGUAZQAvAGIANQAyADEAYQA2AGQAMgBlADkAMwA4AGUANwA1AGYANQA4ADgAOQBjAGEAYQA4ADgANAA0ADEANwA5ADMANQAyAGIAOABlADcAOABkADEAAAA4AAgAAQBBAHMAcwBlAG0AYgBsAHkAIABWAGUAcgBzAGkAbwBuAAAANAAuADEALgAxAC4AMAAAAA==","PDBNotPresent","","v4.0.30319"
"System.Collections.Concurrent, Version=4.0.14.0, Culture=neutral, PublicKeyToken=b03f5f7f11d50a3a","","1598978710","ZgU0AAAAVgBTAF8AVgBFAFIAUwBJAE8ATgBfAEkATgBGAE8AAAAAAL0E7/4AAAEABgAEAAIAdXIAAAAAAAAAAD8AAAAAAAAABAAAAAIAAAAAAAAAAAAAAAAAAABEAAAAAQBWAGEAcgBGAGkAbABlAEkAbgBmAG8AAAAAACQABAAAAFQAcgBhAG4AcwBsAGEAdABpAG8AbgAAAAAAAACwBMYEAAABAFMAdAByAGkAbgBnAEYAaQBsAGUASQBuAGYAbwAAAKIEAAABADAAMAAwADAAMAA0AGIAMAAAAFQAHgABAEMAbwBtAG0AZQBuAHQAcwAAAFMAeQBzAHQAZQBtAC4AQwBvAGwAbABlAGMAdABpAG8AbgBzAC4AQwBvAG4AYwB1AHIAcgBlAG4AdAAAAEwAFgABAEMAbwBtAHAAYQBuAHkATgBhAG0AZQAAAAAATQBpAGMAcgBvAHMAbwBmAHQAIABDAG8AcgBwAG8AcgBhAHQAaQBvAG4AAABkAB4AAQBGAGkAbABlAEQAZQBzAGMAcgBpAHAAdABpAG8AbgAAAAAAUwB5AHMAdABlAG0ALgBDAG8AbABsAGUAYwB0AGkAbwBuAHMALgBDAG8AbgBjAHUAcgByAGUAbgB0AAAAOgANAAEARgBpAGwAZQBWAGUAcgBzAGkAbwBuAAAAAAA0AC4ANgAuADIAOQAzADAAMQAuADAAMgAAAAAAZAAiAAEASQBuAHQAZQByAG4AYQBsAE4AYQBtAGUAAABTAHkAcwB0AGUAbQAuAEMAbwBsAGwAZQBjAHQAaQBvAG4AcwAuAEMAbwBuAGMAdQByAHIAZQBuAHQALgBkAGwAbAAAAIAALgABAEwAZQBnAGEAbABDAG8AcAB5AHIAaQBnAGgAdAAAAKkAIABNAGkAYwByAG8AcwBvAGYAdAAgAEMAbwByAHAAbwByAGEAdABpAG8AbgAuACAAQQBsAGwAIAByAGkAZwBoAHQAcwAgAHIAZQBzAGUAcgB2AGUAZAAuAAAAbAAiAAEATwByAGkAZwBpAG4AYQBsAEYAaQBsAGUAbgBhAG0AZQAAAFMAeQBzAHQAZQBtAC4AQwBvAGwAbABlAGMAdABpAG8AbgBzAC4AQwBvAG4AYwB1AHIAcgBlAG4AdAAuAGQAbABsAAAAVAAaAAEAUAByAG8AZAB1AGMAdABOAGEAbQBlAAAAAABNAGkAYwByAG8AcwBvAGYAdACuACAALgBOAEUAVAAgAEYAcgBhAG0AZQB3AG8AcgBrAAAAbAGkAAEAUAByAG8AZAB1AGMAdABWAGUAcgBzAGkAbwBuAAAANAAuADYALgAyADkAMwAwADEALgAwADIAIABAAEIAdQBpAGwAdABCAHkAOgAgAGQAbABhAGIAMQA0AC0AdgBzADIAMAAxADcAbQBiADYAMAAwADAAMAAxADEAIABAAEIAcgBhAG4AYwBoADoAIABqAHUAaABvAHkAbwBzAGEALwB0AGUAcwB0AC0AcABvAG8AbABzACAAQABTAHIAYwBDAG8AZABlADoAIABoAHQAdABwAHMAOgAvAC8AZwBpAHQAaAB1AGIALgBjAG8AbQAvAGQAbwB0AG4AZQB0AC8AYwBvAHIAZQBmAHgALwB0AHIAZQBlAC8AYgA1ADIAMQBhADYAZAAyAGUAOQAzADgAZQA3ADUAZgA1ADgAOAA5AGMAYQBhADgAOAA0ADQAMQA3ADkAMwA1ADIAYgA4AGUANwA4AGQAMQAAADoACQABAEEAcwBzAGUAbQBiAGwAeQAgAFYAZQByAHMAaQBvAG4AAAA0AC4AMAAuADEANAAuADAAAAA=","PDBNotPresent","","v4.0.30319"
"System.Diagnostics.Tracing, Version=4.2.1.0, Culture=neutral, PublicKeyToken=b03f5f7f11d50a3a","","1598978691","VAU0AAAAVgBTAF8AVgBFAFIAUwBJAE8ATgBfAEkATgBGAE8AAAAAAL0E7/4AAAEABgAEAAIAdXIAAAAAAAAAAD8AAAAAAAAABAAAAAIAAAAAAAAAAAAAAAAAAABEAAAAAQBWAGEAcgBGAGkAbABlAEkAbgBmAG8AAAAAACQABAAAAFQAcgBhAG4AcwBsAGEAdABpAG8AbgAAAAAAAACwBLQEAAABAFMAdAByAGkAbgBnAEYAaQBsAGUASQBuAGYAbwAAAJAEAAABADAAMAAwADAAMAA0AGIAMAAAAE4AGwABAEMAbwBtAG0AZQBuAHQAcwAAAFMAeQBzAHQAZQBtAC4ARABpAGEAZwBuAG8AcwB0AGkAYwBzAC4AVAByAGEAYwBpAG4AZwAAAAAATAAWAAEAQwBvAG0AcABhAG4AeQBOAGEAbQBlAAAAAABNAGkAYwByAG8AcwBvAGYAdAAgAEMAbwByAHAAbwByAGEAdABpAG8AbgAAAF4AGwABAEYAaQBsAGUARABlAHMAYwByAGkAcAB0AGkAbwBuAAAAAABTAHkAcwB0AGUAbQAuAEQAaQBhAGcAbgBvAHMAdABpAGMAcwAuAFQAcgBhAGMAaQBuAGcAAAAAADoADQABAEYAaQBsAGUAVgBlAHIAcwBpAG8AbgAAAAAANAAuADYALgAyADkAMwAwADEALgAwADIAAAAAAF4AHwABAEkAbgB0AGUAcgBuAGEAbABOAGEAbQBlAAAAUwB5AHMAdABlAG0ALgBEAGkAYQBnAG4AbwBzAHQAaQBjAHMALgBUAHIAYQBjAGkAbgBnAC4AZABsAGwAAAAAAIAALgABAEwAZQBnAGEAbABDAG8AcAB5AHIAaQBnAGgAdAAAAKkAIABNAGkAYwByAG8AcwBvAGYAdAAgAEMAbwByAHAAbwByAGEAdABpAG8AbgAuACAAQQBsAGwAIAByAGkAZwBoAHQAcwAgAHIAZQBzAGUAcgB2AGUAZAAuAAAAZgAfAAEATwByAGkAZwBpAG4AYQBsAEYAaQBsAGUAbgBhAG0AZQAAAFMAeQBzAHQAZQBtAC4ARABpAGEAZwBuAG8AcwB0AGkAYwBzAC4AVAByAGEAYwBpAG4AZwAuAGQAbABsAAAAAABUABoAAQBQAHIAbwBkAHUAYwB0AE4AYQBtAGUAAAAAAE0AaQBjAHIAbwBzAG8AZgB0AK4AIAAuAE4ARQBUACAARgByAGEAbQBlAHcAbwByAGsAAABsAaQAAQBQAHIAbwBkAHUAYwB0AFYAZQByAHMAaQBvAG4AAAA0AC4ANgAuADIAOQAzADAAMQAuADAAMgAgAEAAQgB1AGkAbAB0AEIAeQA6ACAAZABsAGEAYgAxADQALQB2AHMAMgAwADEANwBtAGIANgAwADAAMAAwADEAMQAgAEAAQgByAGEAbgBjAGgAOgAgAGoAdQBoAG8AeQBvAHMAYQAvAHQAZQBzAHQALQBwAG8AbwBsAHMAIABAAFMAcgBjAEMAbwBkAGUAOgAgAGgAdAB0AHAAcwA6AC8ALwBnAGkAdABoAHUAYgAuAGMAbwBtAC8AZABvAHQAbgBlAHQALwBjAG8AcgBlAGYAeAAvAHQAcgBlAGUALwBiADUAMgAxAGEANgBkADIAZQA5ADMAOABlADcANQBmADUAOAA4ADkAYwBhAGEAOAA4ADQANAAxADcAOQAzADUAMgBiADgAZQA3ADgAZAAxAAAAOAAIAAEAQQBzAHMAZQBtAGIAbAB5ACAAVgBlAHIAcwBpAG8AbgAAADQALgAyAC4AMQAuADAAAAA=","PDBNotPresent","","v4.0.30319"
"System.Linq, Version=4.2.1.0, Culture=neutral, PublicKeyToken=b03f5f7f11d50a3a","","1598978698","1AQ0AAAAVgBTAF8AVgBFAFIAUwBJAE8ATgBfAEkATgBGAE8AAAAAAL0E7/4AAAEABgAEAAIAdXIAAAAAAAAAAD8AAAAAAAAABAAAAAIAAAAAAAAAAAAAAAAAAABEAAAAAQBWAGEAcgBGAGkAbABlAEkAbgBmAG8AAAAAACQABAAAAFQAcgBhAG4AcwBsAGEAdABpAG8AbgAAAAAAAACwBDQEAAABAFMAdAByAGkAbgBnAEYAaQBsAGUASQBuAGYAbwAAABAEAAABADAAMAAwADAAMAA0AGIAMAAAADAADAABAEMAbwBtAG0AZQBuAHQAcwAAAFMAeQBzAHQAZQBtAC4ATABpAG4AcQAAAEwAFgABAEMAbwBtAHAAYQBuAHkATgBhAG0AZQAAAAAATQBpAGMAcgBvAHMAbwBmAHQAIABDAG8AcgBwAG8AcgBhAHQAaQBvAG4AAABAAAwAAQBGAGkAbABlAEQAZQBzAGMAcgBpAHAAdABpAG8AbgAAAAAAUwB5AHMAdABlAG0ALgBMAGkAbgBxAAAAOgANAAEARgBpAGwAZQBWAGUAcgBzAGkAbwBuAAAAAAA0AC4ANgAuADIAOQAzADAAMQAuADAAMgAAAAAAQAAQAAEASQBuAHQAZQByAG4AYQBsAE4AYQBtAGUAAABTAHkAcwB0AGUAbQAuAEwAaQBuAHEALgBkAGwAbAAAAIAALgABAEwAZQBnAGEAbABDAG8AcAB5AHIAaQBnAGgAdAAAAKkAIABNAGkAYwByAG8AcwBvAGYAdAAgAEMAbwByAHAAbwByAGEAdABpAG8AbgAuACAAQQBsAGwAIAByAGkAZwBoAHQAcwAgAHIAZQBzAGUAcgB2AGUAZAAuAAAASAAQAAEATwByAGkAZwBpAG4AYQBsAEYAaQBsAGUAbgBhAG0AZQAAAFMAeQBzAHQAZQBtAC4ATABpAG4AcQAuAGQAbABsAAAAVAAaAAEAUAByAG8AZAB1AGMAdABOAGEAbQBlAAAAAABNAGkAYwByAG8AcwBvAGYAdACuACAALgBOAEUAVAAgAEYAcgBhAG0AZQB3AG8AcgBrAAAAbAGkAAEAUAByAG8AZAB1AGMAdABWAGUAcgBzAGkAbwBuAAAANAAuADYALgAyADkAMwAwADEALgAwADIAIABAAEIAdQBpAGwAdABCAHkAOgAgAGQAbABhAGIAMQA0AC0AdgBzADIAMAAxADcAbQBiADYAMAAwADAAMAAxADEAIABAAEIAcgBhAG4AYwBoADoAIABqAHUAaABvAHkAbwBzAGEALwB0AGUAcwB0AC0AcABvAG8AbABzACAAQABTAHIAYwBDAG8AZABlADoAIABoAHQAdABwAHMAOgAvAC8AZwBpAHQAaAB1AGIALgBjAG8AbQAvAGQAbwB0AG4AZQB0AC8AYwBvAHIAZQBmAHgALwB0AHIAZQBlAC8AYgA1ADIAMQBhADYAZAAyAGUAOQAzADgAZQA3ADUAZgA1ADgAOAA5AGMAYQBhADgAOAA0ADQAMQA3ADkAMwA1ADIAYgA4AGUANwA4AGQAMQAAADgACAABAEEAcwBzAGUAbQBiAGwAeQAgAFYAZQByAHMAaQBvAG4AAAA0AC4AMgAuADEALgAwAAAA","PDBPresent","","v4.0.30319"
"System.Linq.Expressions, Version=4.2.1.0, Culture=neutral, PublicKeyToken=b03f5f7f11d50a3a","","1598978709","NAU0AAAAVgBTAF8AVgBFAFIAUwBJAE8ATgBfAEkATgBGAE8AAAAAAL0E7/4AAAEABgAEAAIAdXIAAAAAAAAAAD8AAAAAAAAABAAAAAIAAAAAAAAAAAAAAAAAAABEAAAAAQBWAGEAcgBGAGkAbABlAEkAbgBmAG8AAAAAACQABAAAAFQAcgBhAG4AcwBsAGEAdABpAG8AbgAAAAAAAACwBJQEAAABAFMAdAByAGkAbgBnAEYAaQBsAGUASQBuAGYAbwAAAHAEAAABADAAMAAwADAAMAA0AGIAMAAAAEgAGAABAEMAbwBtAG0AZQBuAHQAcwAAAFMAeQBzAHQAZQBtAC4ATABpAG4AcQAuAEUAeABwAHIAZQBzAHMAaQBvAG4AcwAAAEwAFgABAEMAbwBtAHAAYQBuAHkATgBhAG0AZQAAAAAATQBpAGMAcgBvAHMAbwBmAHQAIABDAG8AcgBwAG8AcgBhAHQAaQBvAG4AAABYABgAAQBGAGkAbABlAEQAZQBzAGMAcgBpAHAAdABpAG8AbgAAAAAAUwB5AHMAdABlAG0ALgBMAGkAbgBxAC4ARQB4AHAAcgBlAHMAcwBpAG8AbgBzAAAAOgANAAEARgBpAGwAZQBWAGUAcgBzAGkAbwBuAAAAAAA0AC4ANgAuADIAOQAzADAAMQAuADAAMgAAAAAAWAAcAAEASQBuAHQAZQByAG4AYQBsAE4AYQBtAGUAAABTAHkAcwB0AGUAbQAuAEwAaQBuAHEALgBFAHgAcAByAGUAcwBzAGkAbwBuAHMALgBkAGwAbAAAAIAALgABAEwAZQBnAGEAbABDAG8AcAB5AHIAaQBnAGgAdAAAAKkAIABNAGkAYwByAG8AcwBvAGYAdAAgAEMAbwByAHAAbwByAGEAdABpAG8AbgAuACAAQQBsAGwAIAByAGkAZwBoAHQAcwAgAHIAZQBzAGUAcgB2AGUAZAAuAAAAYAAcAAEATwByAGkAZwBpAG4AYQBsAEYAaQBsAGUAbgBhAG0AZQAAAFMAeQBzAHQAZQBtAC4ATABpAG4AcQAuAEUAeABwAHIAZQBzAHMAaQBvAG4AcwAuAGQAbABsAAAAVAAaAAEAUAByAG8AZAB1AGMAdABOAGEAbQBlAAAAAABNAGkAYwByAG8AcwBvAGYAdACuACAALgBOAEUAVAAgAEYAcgBhAG0AZQB3AG8AcgBrAAAAbAGkAAEAUAByAG8AZAB1AGMAdABWAGUAcgBzAGkAbwBuAAAANAAuADYALgAyADkAMwAwADEALgAwADIAIABAAEIAdQBpAGwAdABCAHkAOgAgAGQAbABhAGIAMQA0AC0AdgBzADIAMAAxADcAbQBiADYAMAAwADAAMAAxADEAIABAAEIAcgBhAG4AYwBoADoAIABqAHUAaABvAHkAbwBzAGEALwB0AGUAcwB0AC0AcABvAG8AbABzACAAQABTAHIAYwBDAG8AZABlADoAIABoAHQAdABwAHMAOgAvAC8AZwBpAHQAaAB1AGIALgBjAG8AbQAvAGQAbwB0AG4AZQB0AC8AYwBvAHIAZQBmAHgALwB0AHIAZQBlAC8AYgA1ADIAMQBhADYAZAAyAGUAOQAzADgAZQA3ADUAZgA1ADgAOAA5AGMAYQBhADgAOAA0ADQAMQA3ADkAMwA1ADIAYgA4AGUANwA4AGQAMQAAADgACAABAEEAcwBzAGUAbQBiAGwAeQAgAFYAZQByAHMAaQBvAG4AAAA0AC4AMgAuADEALgAwAAAA","PDBPresent","","v4.0.30319"
"System.Memory, Version=4.1.0.0, Culture=neutral, PublicKeyToken=cc7b13ffcd2ddd51","","1598978760","5AQ0AAAAVgBTAF8AVgBFAFIAUwBJAE8ATgBfAEkATgBGAE8AAAAAAL0E7/4AAAEABgAEAAIAdXIAAAAAAAAAAD8AAAAAAAAABAAAAAIAAAAAAAAAAAAAAAAAAABEAAAAAQBWAGEAcgBGAGkAbABlAEkAbgBmAG8AAAAAACQABAAAAFQAcgBhAG4AcwBsAGEAdABpAG8AbgAAAAAAAACwBEQEAAABAFMAdAByAGkAbgBnAEYAaQBsAGUASQBuAGYAbwAAACAEAAABADAAMAAwADAAMAA0AGIAMAAAADQADgABAEMAbwBtAG0AZQBuAHQAcwAAAFMAeQBzAHQAZQBtAC4ATQBlAG0AbwByAHkAAABMABYAAQBDAG8AbQBwAGEAbgB5AE4AYQBtAGUAAAAAAE0AaQBjAHIAbwBzAG8AZgB0ACAAQwBvAHIAcABvAHIAYQB0AGkAbwBuAAAARAAOAAEARgBpAGwAZQBEAGUAcwBjAHIAaQBwAHQAaQBvAG4AAAAAAFMAeQBzAHQAZQBtAC4ATQBlAG0AbwByAHkAAAA6AA0AAQBGAGkAbABlAFYAZQByAHMAaQBvAG4AAAAAADQALgA2AC4AMgA5ADMAMAAxAC4AMAAyAAAAAABEABIAAQBJAG4AdABlAHIAbgBhAGwATgBhAG0AZQAAAFMAeQBzAHQAZQBtAC4ATQBlAG0AbwByAHkALgBkAGwAbAAAAIAALgABAEwAZQBnAGEAbABDAG8AcAB5AHIAaQBnAGgAdAAAAKkAIABNAGkAYwByAG8AcwBvAGYAdAAgAEMAbwByAHAAbwByAGEAdABpAG8AbgAuACAAQQBsAGwAIAByAGkAZwBoAHQAcwAgAHIAZQBzAGUAcgB2AGUAZAAuAAAATAASAAEATwByAGkAZwBpAG4AYQBsAEYAaQBsAGUAbgBhAG0AZQAAAFMAeQBzAHQAZQBtAC4ATQBlAG0AbwByAHkALgBkAGwAbAAAAFQAGgABAFAAcgBvAGQAdQBjAHQATgBhAG0AZQAAAAAATQBpAGMAcgBvAHMAbwBmAHQArgAgAC4ATgBFAFQAIABGAHIAYQBtAGUAdwBvAHIAawAAAGwBpAABAFAAcgBvAGQAdQBjAHQAVgBlAHIAcwBpAG8AbgAAADQALgA2AC4AMgA5ADMAMAAxAC4AMAAyACAAQABCAHUAaQBsAHQAQgB5ADoAIABkAGwAYQBiADEANAAtAHYAcwAyADAAMQA3AG0AYgA2ADAAMAAwADAAMQAxACAAQABCAHIAYQBuAGMAaAA6ACAAagB1AGgAbwB5AG8AcwBhAC8AdABlAHMAdAAtAHAAbwBvAGwAcwAgAEAAUwByAGMAQwBvAGQAZQA6ACAAaAB0AHQAcABzADoALwAvAGcAaQB0AGgAdQBiAC4AYwBvAG0ALwBkAG8AdABuAGUAdAAvAGMAbwByAGUAZgB4AC8AdAByAGUAZQAvAGIANQAyADEAYQA2AGQAMgBlADkAMwA4AGUANwA1AGYANQA4ADgAOQBjAGEAYQA4ADgANAA0ADEANwA5ADMANQAyAGIAOABlADcAOABkADEAAAA4AAgAAQBBAHMAcwBlAG0AYgBsAHkAIABWAGUAcgBzAGkAbwBuAAAANAAuADEALgAwAC4AMAAAAA==","PDBNotPresent","","v4.0.30319"
"System.Private.Interop, Version=999.999.999.999, Culture=neutral, PublicKeyToken=b03f5f7f11d50a3a","","1605178949","cAQ0AAAAVgBTAF8AVgBFAFIAUwBJAE8ATgBfAEkATgBGAE8AAAAAAL0E7/4AAAEABgAEAAAAQXMAAAAAAAAAAD8AAAAAAAAABAAAAAIAAAAAAAAAAAAAAAAAAABEAAAAAQBWAGEAcgBGAGkAbABlAEkAbgBmAG8AAAAAACQABAAAAFQAcgBhAG4AcwBsAGEAdABpAG8AbgAAAAAAAACwBNADAAABAFMAdAByAGkAbgBnAEYAaQBsAGUASQBuAGYAbwAAAKwDAAABADAAMAAwADAAMAA0AGIAMAAAAEYAFwABAEMAbwBtAG0AZQBuAHQAcwAAAFMAeQBzAHQAZQBtAC4AUAByAGkAdgBhAHQAZQAuAEkAbgB0AGUAcgBvAHAAAAAAAEwAFgABAEMAbwBtAHAAYQBuAHkATgBhAG0AZQAAAAAATQBpAGMAcgBvAHMAbwBmAHQAIABDAG8AcgBwAG8AcgBhAHQAaQBvAG4AAABWABcAAQBGAGkAbABlAEQAZQBzAGMAcgBpAHAAdABpAG8AbgAAAAAAUwB5AHMAdABlAG0ALgBQAHIAaQB2AGEAdABlAC4ASQBuAHQAZQByAG8AcAAAAAAAOAAMAAEARgBpAGwAZQBWAGUAcgBzAGkAbwBuAAAAAAA0AC4ANgAuADIAOQA1ADAANQAuADAAAABWABsAAQBJAG4AdABlAHIAbgBhAGwATgBhAG0AZQAAAFMAeQBzAHQAZQBtAC4AUAByAGkAdgBhAHQAZQAuAEkAbgB0AGUAcgBvAHAALgBkAGwAbAAAAAAAggAvAAEATABlAGcAYQBsAEMAbwBwAHkAcgBpAGcAaAB0AAAAqQAgAE0AaQBjAHIAbwBzAG8AZgB0ACAAQwBvAHIAcABvAHIAYQB0AGkAbwBuAC4AIAAgAEEAbABsACAAcgBpAGcAaAB0AHMAIAByAGUAcwBlAHIAdgBlAGQALgAAAAAAXgAbAAEATwByAGkAZwBpAG4AYQBsAEYAaQBsAGUAbgBhAG0AZQAAAFMAeQBzAHQAZQBtAC4AUAByAGkAdgBhAHQAZQAuAEkAbgB0AGUAcgBvAHAALgBkAGwAbAAAAAAAVAAaAAEAUAByAG8AZAB1AGMAdABOAGEAbQBlAAAAAABNAGkAYwByAG8AcwBvAGYAdACuACAALgBOAEUAVAAgAEYAcgBhAG0AZQB3AG8AcgBrAAAAlgA5AAEAUAByAG8AZAB1AGMAdABWAGUAcgBzAGkAbwBuAAAANAAuADYALgAyADkANQAwADUALgAwACAAYgB1AGkAbAB0ACAAYgB5ADoAIABkAGwAYQBiADEANAAtAEQARABCAEwARAAzADQAMgBCAC4AIABDAG8AbQBtAGkAdAAgAEgAYQBzAGgAOgAgAE4ALwBBAAAAAABIABAAAQBBAHMAcwBlAG0AYgBsAHkAIABWAGUAcgBzAGkAbwBuAAAAOQA5ADkALgA5ADkAOQAuADkAOQA5AC4AOQA5ADkAAAA=","PDBPresent","","v4.0.30319"
"System.Private.Reflection.Core, Version=4.0.0.0, Culture=neutral, PublicKeyToken=b03f5f7f11d50a3a","","1605178952","pAQ0AAAAVgBTAF8AVgBFAFIAUwBJAE8ATgBfAEkATgBGAE8AAAAAAL0E7/4AAAEABgAEAAAASHMAAAAAAAAAAD8AAAAAAAAABAAAAAIAAAAAAAAAAAAAAAAAAABEAAAAAQBWAGEAcgBGAGkAbABlAEkAbgBmAG8AAAAAACQABAAAAFQAcgBhAG4AcwBsAGEAdABpAG8AbgAAAAAAAACwBAQEAAABAFMAdAByAGkAbgBnAEYAaQBsAGUASQBuAGYAbwAAAOADAAABADAAMAAwADAAMAA0AGIAMAAAAFYAHwABAEMAbwBtAG0AZQBuAHQAcwAAAFMAeQBzAHQAZQBtAC4AUAByAGkAdgBhAHQAZQAuAFIAZQBmAGwAZQBjAHQAaQBvAG4ALgBDAG8AcgBlAAAAAABMABYAAQBDAG8AbQBwAGEAbgB5AE4AYQBtAGUAAAAAAE0AaQBjAHIAbwBzAG8AZgB0ACAAQwBvAHIAcABvAHIAYQB0AGkAbwBuAAAAZgAfAAEARgBpAGwAZQBEAGUAcwBjAHIAaQBwAHQAaQBvAG4AAAAAAFMAeQBzAHQAZQBtAC4AUAByAGkAdgBhAHQAZQAuAFIAZQBmAGwAZQBjAHQAaQBvAG4ALgBDAG8AcgBlAAAAAAA6AA0AAQBGAGkAbABlAFYAZQByAHMAaQBvAG4AAAAAADQALgA2AC4AMgA5ADUAMQAyAC4AMAAwAAAAAABmACMAAQBJAG4AdABlAHIAbgBhAGwATgBhAG0AZQAAAFMAeQBzAHQAZQBtAC4AUAByAGkAdgBhAHQAZQAuAFIAZQBmAGwAZQBjAHQAaQBvAG4ALgBDAG8AcgBlAC4AZABsAGwAAAAAAIIALwABAEwAZQBnAGEAbABDAG8AcAB5AHIAaQBnAGgAdAAAAKkAIABNAGkAYwByAG8AcwBvAGYAdAAgAEMAbwByAHAAbwByAGEAdABpAG8AbgAuACAAIABBAGwAbAAgAHIAaQBnAGgAdABzACAAcgBlAHMAZQByAHYAZQBkAC4AAAAAAG4AIwABAE8AcgBpAGcAaQBuAGEAbABGAGkAbABlAG4AYQBtAGUAAABTAHkAcwB0AGUAbQAuAFAAcgBpAHYAYQB0AGUALgBSAGUAZgBsAGUAYwB0AGkAbwBuAC4AQwBvAHIAZQAuAGQAbABsAAAAAABUABoAAQBQAHIAbwBkAHUAYwB0AE4AYQBtAGUAAAAAAE0AaQBjAHIAbwBzAG8AZgB0AK4AIAAuAE4ARQBUACAARgByAGEAbQBlAHcAbwByAGsAAACYADoAAQBQAHIAbwBkAHUAYwB0AFYAZQByAHMAaQBvAG4AAAA0AC4ANgAuADIAOQA1ADEAMgAuADAAMAAgAGIAdQBpAGwAdAAgAGIAeQA6ACAAZABsAGEAYgAxADQALQBEAEQAQgBMAEQAMwA0ADIAQgAuACAAQwBvAG0AbQBpAHQAIABIAGEAcwBoADoAIABOAC8AQQAAADgACAABAEEAcwBzAGUAbQBiAGwAeQAgAFYAZQByAHMAaQBvAG4AAAA0AC4AMAAuADAALgAwAAAA","PDBPresent","","v4.0.30319"
"System.Private.Reflection.Metadata, Version=4.0.0.0, Culture=neutral, PublicKeyToken=b03f5f7f11d50a3a","","1605178944","xAQ0AAAAVgBTAF8AVgBFAFIAUwBJAE8ATgBfAEkATgBGAE8AAAAAAL0E7/4AAAEABgAEAAAASHMAAAAAAAAAAD8AAAAAAAAABAAAAAIAAAAAAAAAAAAAAAAAAABEAAAAAQBWAGEAcgBGAGkAbABlAEkAbgBmAG8AAAAAACQABAAAAFQAcgBhAG4AcwBsAGEAdABpAG8AbgAAAAAAAACwBCQEAAABAFMAdAByAGkAbgBnAEYAaQBsAGUASQBuAGYAbwAAAAAEAAABADAAMAAwADAAMAA0AGIAMAAAAF4AIwABAEMAbwBtAG0AZQBuAHQAcwAAAFMAeQBzAHQAZQBtAC4AUAByAGkAdgBhAHQAZQAuAFIAZQBmAGwAZQBjAHQAaQBvAG4ALgBNAGUAdABhAGQAYQB0AGEAAAAAAEwAFgABAEMAbwBtAHAAYQBuAHkATgBhAG0AZQAAAAAATQBpAGMAcgBvAHMAbwBmAHQAIABDAG8AcgBwAG8AcgBhAHQAaQBvAG4AAABuACMAAQBGAGkAbABlAEQAZQBzAGMAcgBpAHAAdABpAG8AbgAAAAAAUwB5AHMAdABlAG0ALgBQAHIAaQB2AGEAdABlAC4AUgBlAGYAbABlAGMAdABpAG8AbgAuAE0AZQB0AGEAZABhAHQAYQAAAAAAOgANAAEARgBpAGwAZQBWAGUAcgBzAGkAbwBuAAAAAAA0AC4ANgAuADIAOQA1ADEAMgAuADAAMAAAAAAAbgAnAAEASQBuAHQAZQByAG4AYQBsAE4AYQBtAGUAAABTAHkAcwB0AGUAbQAuAFAAcgBpAHYAYQB0AGUALgBSAGUAZgBsAGUAYwB0AGkAbwBuAC4ATQBlAHQAYQBkAGEAdABhAC4AZABsAGwAAAAAAIIALwABAEwAZQBnAGEAbABDAG8AcAB5AHIAaQBnAGgAdAAAAKkAIABNAGkAYwByAG8AcwBvAGYAdAAgAEMAbwByAHAAbwByAGEAdABpAG8AbgAuACAAIABBAGwAbAAgAHIAaQBnAGgAdABzACAAcgBlAHMAZQByAHYAZQBkAC4AAAAAAHYAJwABAE8AcgBpAGcAaQBuAGEAbABGAGkAbABlAG4AYQBtAGUAAABTAHkAcwB0AGUAbQAuAFAAcgBpAHYAYQB0AGUALgBSAGUAZgBsAGUAYwB0AGkAbwBuAC4ATQBlAHQAYQBkAGEAdABhAC4AZABsAGwAAAAAAFQAGgABAFAAcgBvAGQAdQBjAHQATgBhAG0AZQAAAAAATQBpAGMAcgBvAHMAbwBmAHQArgAgAC4ATgBFAFQAIABGAHIAYQBtAGUAdwBvAHIAawAAAJgAOgABAFAAcgBvAGQAdQBjAHQAVgBlAHIAcwBpAG8AbgAAADQALgA2AC4AMgA5ADUAMQAyAC4AMAAwACAAYgB1AGkAbAB0ACAAYgB5ADoAIABkAGwAYQBiADEANAAtAEQARABCAEwARAAzADQAMgBCAC4AIABDAG8AbQBtAGkAdAAgAEgAYQBzAGgAOgAgAE4ALwBBAAAAOAAIAAEAQQBzAHMAZQBtAGIAbAB5ACAAVgBlAHIAcwBpAG8AbgAAADQALgAwAC4AMAAuADAAAAA=","PDBPresent","","v4.0.30319"
"System.Private.Threading, Version=4.0.0.0, Culture=neutral, PublicKeyToken=b03f5f7f11d50a3a","","1605178944","dAQ0AAAAVgBTAF8AVgBFAFIAUwBJAE8ATgBfAEkATgBGAE8AAAAAAL0E7/4AAAEABgAEAAAASHMAAAAAAAAAAD8AAAAAAAAABAAAAAIAAAAAAAAAAAAAAAAAAABEAAAAAQBWAGEAcgBGAGkAbABlAEkAbgBmAG8AAAAAACQABAAAAFQAcgBhAG4AcwBsAGEAdABpAG8AbgAAAAAAAACwBNQDAAABAFMAdAByAGkAbgBnAEYAaQBsAGUASQBuAGYAbwAAALADAAABADAAMAAwADAAMAA0AGIAMAAAAEoAGQABAEMAbwBtAG0AZQBuAHQAcwAAAFMAeQBzAHQAZQBtAC4AUAByAGkAdgBhAHQAZQAuAFQAaAByAGUAYQBkAGkAbgBnAAAAAABMABYAAQBDAG8AbQBwAGEAbgB5AE4AYQBtAGUAAAAAAE0AaQBjAHIAbwBzAG8AZgB0ACAAQwBvAHIAcABvAHIAYQB0AGkAbwBuAAAAWgAZAAEARgBpAGwAZQBEAGUAcwBjAHIAaQBwAHQAaQBvAG4AAAAAAFMAeQBzAHQAZQBtAC4AUAByAGkAdgBhAHQAZQAuAFQAaAByAGUAYQBkAGkAbgBnAAAAAAA6AA0AAQBGAGkAbABlAFYAZQByAHMAaQBvAG4AAAAAADQALgA2AC4AMgA5ADUAMQAyAC4AMAAwAAAAAABaAB0AAQBJAG4AdABlAHIAbgBhAGwATgBhAG0AZQAAAFMAeQBzAHQAZQBtAC4AUAByAGkAdgBhAHQAZQAuAFQAaAByAGUAYQBkAGkAbgBnAC4AZABsAGwAAAAAAIIALwABAEwAZQBnAGEAbABDAG8AcAB5AHIAaQBnAGgAdAAAAKkAIABNAGkAYwByAG8AcwBvAGYAdAAgAEMAbwByAHAAbwByAGEAdABpAG8AbgAuACAAIABBAGwAbAAgAHIAaQBnAGgAdABzACAAcgBlAHMAZQByAHYAZQBkAC4AAAAAAGIAHQABAE8AcgBpAGcAaQBuAGEAbABGAGkAbABlAG4AYQBtAGUAAABTAHkAcwB0AGUAbQAuAFAAcgBpAHYAYQB0AGUALgBUAGgAcgBlAGEAZABpAG4AZwAuAGQAbABsAAAAAABUABoAAQBQAHIAbwBkAHUAYwB0AE4AYQBtAGUAAAAAAE0AaQBjAHIAbwBzAG8AZgB0AK4AIAAuAE4ARQBUACAARgByAGEAbQBlAHcAbwByAGsAAACYADoAAQBQAHIAbwBkAHUAYwB0AFYAZQByAHMAaQBvAG4AAAA0AC4ANgAuADIAOQA1ADEAMgAuADAAMAAgAGIAdQBpAGwAdAAgAGIAeQA6ACAAZABsAGEAYgAxADQALQBEAEQAQgBMAEQAMwA0ADIAQgAuACAAQwBvAG0AbQBpAHQAIABIAGEAcwBoADoAIABOAC8AQQAAADgACAABAEEAcwBzAGUAbQBiAGwAeQAgAFYAZQByAHMAaQBvAG4AAAA0AC4AMAAuADAALgAwAAAA","PDBPresent","","v4.0.30319"
"System.Private.TypeLoader, Version=4.0.0.0, Culture=neutral, PublicKeyToken=b03f5f7f11d50a3a","","1605178946","cAQ0AAAAVgBTAF8AVgBFAFIAUwBJAE8ATgBfAEkATgBGAE8AAAAAAL0E7/4AAAEABgAEAAAAQXMAAAAAAAAAAD8AAAAAAAAABAAAAAIAAAAAAAAAAAAAAAAAAABEAAAAAQBWAGEAcgBGAGkAbABlAEkAbgBmAG8AAAAAACQABAAAAFQAcgBhAG4AcwBsAGEAdABpAG8AbgAAAAAAAACwBNADAAABAFMAdAByAGkAbgBnAEYAaQBsAGUASQBuAGYAbwAAAKwDAAABADAAMAAwADAAMAA0AGIAMAAAAEwAGgABAEMAbwBtAG0AZQBuAHQAcwAAAFMAeQBzAHQAZQBtAC4AUAByAGkAdgBhAHQAZQAuAFQAeQBwAGUATABvAGEAZABlAHIAAABMABYAAQBDAG8AbQBwAGEAbgB5AE4AYQBtAGUAAAAAAE0AaQBjAHIAbwBzAG8AZgB0ACAAQwBvAHIAcABvAHIAYQB0AGkAbwBuAAAAXAAaAAEARgBpAGwAZQBEAGUAcwBjAHIAaQBwAHQAaQBvAG4AAAAAAFMAeQBzAHQAZQBtAC4AUAByAGkAdgBhAHQAZQAuAFQAeQBwAGUATABvAGEAZABlAHIAAAA4AAwAAQBGAGkAbABlAFYAZQByAHMAaQBvAG4AAAAAADQALgA2AC4AMgA5ADUAMAA1AC4AMAAAAFwAHgABAEkAbgB0AGUAcgBuAGEAbABOAGEAbQBlAAAAUwB5AHMAdABlAG0ALgBQAHIAaQB2AGEAdABlAC4AVAB5AHAAZQBMAG8AYQBkAGUAcgAuAGQAbABsAAAAggAvAAEATABlAGcAYQBsAEMAbwBwAHkAcgBpAGcAaAB0AAAAqQAgAE0AaQBjAHIAbwBzAG8AZgB0ACAAQwBvAHIAcABvAHIAYQB0AGkAbwBuAC4AIAAgAEEAbABsACAAcgBpAGcAaAB0AHMAIAByAGUAcwBlAHIAdgBlAGQALgAAAAAAZAAeAAEATwByAGkAZwBpAG4AYQBsAEYAaQBsAGUAbgBhAG0AZQAAAFMAeQBzAHQAZQBtAC4AUAByAGkAdgBhAHQAZQAuAFQAeQBwAGUATABvAGEAZABlAHIALgBkAGwAbAAAAFQAGgABAFAAcgBvAGQAdQBjAHQATgBhAG0AZQAAAAAATQBpAGMAcgBvAHMAbwBmAHQArgAgAC4ATgBFAFQAIABGAHIAYQBtAGUAdwBvAHIAawAAAJYAOQABAFAAcgBvAGQAdQBjAHQAVgBlAHIAcwBpAG8AbgAAADQALgA2AC4AMgA5ADUAMAA1AC4AMAAgAGIAdQBpAGwAdAAgAGIAeQA6ACAAZABsAGEAYgAxADQALQBEAEQAQgBMAEQAMwA0ADIAQgAuACAAQwBvAG0AbQBpAHQAIABIAGEAcwBoADoAIABOAC8AQQAAAAAAOAAIAAEAQQBzAHMAZQBtAGIAbAB5ACAAVgBlAHIAcwBpAG8AbgAAADQALgAwAC4AMAAuADAAAAA=","PDBPresent","","v4.0.30319"
"System.Private.Uri, Version=4.0.5.0, Culture=neutral, PublicKeyToken=b03f5f7f11d50a3a","","1598978694","FAU0AAAAVgBTAF8AVgBFAFIAUwBJAE8ATgBfAEkATgBGAE8AAAAAAL0E7/4AAAEABgAEAAIAdXIAAAAAAAAAAD8AAAAAAAAABAAAAAIAAAAAAAAAAAAAAAAAAABEAAAAAQBWAGEAcgBGAGkAbABlAEkAbgBmAG8AAAAAACQABAAAAFQAcgBhAG4AcwBsAGEAdABpAG8AbgAAAAAAAACwBHQEAAABAFMAdAByAGkAbgBnAEYAaQBsAGUASQBuAGYAbwAAAFAEAAABADAAMAAwADAAMAA0AGIAMAAAAD4AEwABAEMAbwBtAG0AZQBuAHQAcwAAAFMAeQBzAHQAZQBtAC4AUAByAGkAdgBhAHQAZQAuAFUAcgBpAAAAAABMABYAAQBDAG8AbQBwAGEAbgB5AE4AYQBtAGUAAAAAAE0AaQBjAHIAbwBzAG8AZgB0ACAAQwBvAHIAcABvAHIAYQB0AGkAbwBuAAAATgATAAEARgBpAGwAZQBEAGUAcwBjAHIAaQBwAHQAaQBvAG4AAAAAAFMAeQBzAHQAZQBtAC4AUAByAGkAdgBhAHQAZQAuAFUAcgBpAAAAAAA6AA0AAQBGAGkAbABlAFYAZQByAHMAaQBvAG4AAAAAADQALgA2AC4AMgA5ADMAMAAxAC4AMAAyAAAAAABOABcAAQBJAG4AdABlAHIAbgBhAGwATgBhAG0AZQAAAFMAeQBzAHQAZQBtAC4AUAByAGkAdgBhAHQAZQAuAFUAcgBpAC4AZABsAGwAAAAAAIAALgABAEwAZQBnAGEAbABDAG8AcAB5AHIAaQBnAGgAdAAAAKkAIABNAGkAYwByAG8AcwBvAGYAdAAgAEMAbwByAHAAbwByAGEAdABpAG8AbgAuACAAQQBsAGwAIAByAGkAZwBoAHQAcwAgAHIAZQBzAGUAcgB2AGUAZAAuAAAAVgAXAAEATwByAGkAZwBpAG4AYQBsAEYAaQBsAGUAbgBhAG0AZQAAAFMAeQBzAHQAZQBtAC4AUAByAGkAdgBhAHQAZQAuAFUAcgBpAC4AZABsAGwAAAAAAFQAGgABAFAAcgBvAGQAdQBjAHQATgBhAG0AZQAAAAAATQBpAGMAcgBvAHMAbwBmAHQArgAgAC4ATgBFAFQAIABGAHIAYQBtAGUAdwBvAHIAawAAAGwBpAABAFAAcgBvAGQAdQBjAHQAVgBlAHIAcwBpAG8AbgAAADQALgA2AC4AMgA5ADMAMAAxAC4AMAAyACAAQABCAHUAaQBsAHQAQgB5ADoAIABkAGwAYQBiADEANAAtAHYAcwAyADAAMQA3AG0AYgA2ADAAMAAwADAAMQAxACAAQABCAHIAYQBuAGMAaAA6ACAAagB1AGgAbwB5AG8AcwBhAC8AdABlAHMAdAAtAHAAbwBvAGwAcwAgAEAAUwByAGMAQwBvAGQAZQA6ACAAaAB0AHQAcABzADoALwAvAGcAaQB0AGgAdQBiAC4AYwBvAG0ALwBkAG8AdABuAGUAdAAvAGMAbwByAGUAZgB4AC8AdAByAGUAZQAvAGIANQAyADEAYQA2AGQAMgBlADkAMwA4AGUANwA1AGYANQA4ADgAOQBjAGEAYQA4ADgANAA0ADEANwA5ADMANQAyAGIAOABlADcAOABkADEAAAA4AAgAAQBBAHMAcwBlAG0AYgBsAHkAIABWAGUAcgBzAGkAbwBuAAAANAAuADAALgA1AC4AMAAAAA==","PDBPresent","","v4.0.30319"
"System.Reflection.TypeExtensions, Version=4.1.3.0, Culture=neutral, PublicKeyToken=b03f5f7f11d50a3a","","1598978696","hAU0AAAAVgBTAF8AVgBFAFIAUwBJAE8ATgBfAEkATgBGAE8AAAAAAL0E7/4AAAEABgAEAAIAdXIAAAAAAAAAAD8AAAAAAAAABAAAAAIAAAAAAAAAAAAAAAAAAABEAAAAAQBWAGEAcgBGAGkAbABlAEkAbgBmAG8AAAAAACQABAAAAFQAcgBhAG4AcwBsAGEAdABpAG8AbgAAAAAAAACwBOQEAAABAFMAdAByAGkAbgBnAEYAaQBsAGUASQBuAGYAbwAAAMAEAAABADAAMAAwADAAMAA0AGIAMAAAAFoAIQABAEMAbwBtAG0AZQBuAHQAcwAAAFMAeQBzAHQAZQBtAC4AUgBlAGYAbABlAGMAdABpAG8AbgAuAFQAeQBwAGUARQB4AHQAZQBuAHMAaQBvAG4AcwAAAAAATAAWAAEAQwBvAG0AcABhAG4AeQBOAGEAbQBlAAAAAABNAGkAYwByAG8AcwBvAGYAdAAgAEMAbwByAHAAbwByAGEAdABpAG8AbgAAAGoAIQABAEYAaQBsAGUARABlAHMAYwByAGkAcAB0AGkAbwBuAAAAAABTAHkAcwB0AGUAbQAuAFIAZQBmAGwAZQBjAHQAaQBvAG4ALgBUAHkAcABlAEUAeAB0AGUAbgBzAGkAbwBuAHMAAAAAADoADQABAEYAaQBsAGUAVgBlAHIAcwBpAG8AbgAAAAAANAAuADYALgAyADkAMwAwADEALgAwADIAAAAAAGoAJQABAEkAbgB0AGUAcgBuAGEAbABOAGEAbQBlAAAAUwB5AHMAdABlAG0ALgBSAGUAZgBsAGUAYwB0AGkAbwBuAC4AVAB5AHAAZQBFAHgAdABlAG4AcwBpAG8AbgBzAC4AZABsAGwAAAAAAIAALgABAEwAZQBnAGEAbABDAG8AcAB5AHIAaQBnAGgAdAAAAKkAIABNAGkAYwByAG8AcwBvAGYAdAAgAEMAbwByAHAAbwByAGEAdABpAG8AbgAuACAAQQBsAGwAIAByAGkAZwBoAHQAcwAgAHIAZQBzAGUAcgB2AGUAZAAuAAAAcgAlAAEATwByAGkAZwBpAG4AYQBsAEYAaQBsAGUAbgBhAG0AZQAAAFMAeQBzAHQAZQBtAC4AUgBlAGYAbABlAGMAdABpAG8AbgAuAFQAeQBwAGUARQB4AHQAZQBuAHMAaQBvAG4AcwAuAGQAbABsAAAAAABUABoAAQBQAHIAbwBkAHUAYwB0AE4AYQBtAGUAAAAAAE0AaQBjAHIAbwBzAG8AZgB0AK4AIAAuAE4ARQBUACAARgByAGEAbQBlAHcAbwByAGsAAABsAaQAAQBQAHIAbwBkAHUAYwB0AFYAZQByAHMAaQBvAG4AAAA0AC4ANgAuADIAOQAzADAAMQAuADAAMgAgAEAAQgB1AGkAbAB0AEIAeQA6ACAAZABsAGEAYgAxADQALQB2AHMAMgAwADEANwBtAGIANgAwADAAMAAwADEAMQAgAEAAQgByAGEAbgBjAGgAOgAgAGoAdQBoAG8AeQBvAHMAYQAvAHQAZQBzAHQALQBwAG8AbwBsAHMAIABAAFMAcgBjAEMAbwBkAGUAOgAgAGgAdAB0AHAAcwA6AC8ALwBnAGkAdABoAHUAYgAuAGMAbwBtAC8AZABvAHQAbgBlAHQALwBjAG8AcgBlAGYAeAAvAHQAcgBlAGUALwBiADUAMgAxAGEANgBkADIAZQA5ADMAOABlADcANQBmADUAOAA4ADkAYwBhAGEAOAA4ADQANAAxADcAOQAzADUAMgBiADgAZQA3ADgAZAAxAAAAOAAIAAEAQQBzAHMAZQBtAGIAbAB5ACAAVgBlAHIAcwBpAG8AbgAAADQALgAxAC4AMwAuADAAAAA=","PDBNotPresent","","v4.0.30319"
"System.Runtime, Version=4.2.1.0, Culture=neutral, PublicKeyToken=b03f5f7f11d50a3a","","1598978695","9AQ0AAAAVgBTAF8AVgBFAFIAUwBJAE8ATgBfAEkATgBGAE8AAAAAAL0E7/4AAAEABgAEAAIAdXIAAAAAAAAAAD8AAAAAAAAABAAAAAIAAAAAAAAAAAAAAAAAAABEAAAAAQBWAGEAcgBGAGkAbABlAEkAbgBmAG8AAAAAACQABAAAAFQAcgBhAG4AcwBsAGEAdABpAG8AbgAAAAAAAACwBFQEAAABAFMAdAByAGkAbgBnAEYAaQBsAGUASQBuAGYAbwAAADAEAAABADAAMAAwADAAMAA0AGIAMAAAADYADwABAEMAbwBtAG0AZQBuAHQAcwAAAFMAeQBzAHQAZQBtAC4AUgB1AG4AdABpAG0AZQAAAAAATAAWAAEAQwBvAG0AcABhAG4AeQBOAGEAbQBlAAAAAABNAGkAYwByAG8AcwBvAGYAdAAgAEMAbwByAHAAbwByAGEAdABpAG8AbgAAAEYADwABAEYAaQBsAGUARABlAHMAYwByAGkAcAB0AGkAbwBuAAAAAABTAHkAcwB0AGUAbQAuAFIAdQBuAHQAaQBtAGUAAAAAADoADQABAEYAaQBsAGUAVgBlAHIAcwBpAG8AbgAAAAAANAAuADYALgAyADkAMwAwADEALgAwADIAAAAAAEYAEwABAEkAbgB0AGUAcgBuAGEAbABOAGEAbQBlAAAAUwB5AHMAdABlAG0ALgBSAHUAbgB0AGkAbQBlAC4AZABsAGwAAAAAAIAALgABAEwAZQBnAGEAbABDAG8AcAB5AHIAaQBnAGgAdAAAAKkAIABNAGkAYwByAG8AcwBvAGYAdAAgAEMAbwByAHAAbwByAGEAdABpAG8AbgAuACAAQQBsAGwAIAByAGkAZwBoAHQAcwAgAHIAZQBzAGUAcgB2AGUAZAAuAAAATgATAAEATwByAGkAZwBpAG4AYQBsAEYAaQBsAGUAbgBhAG0AZQAAAFMAeQBzAHQAZQBtAC4AUgB1AG4AdABpAG0AZQAuAGQAbABsAAAAAABUABoAAQBQAHIAbwBkAHUAYwB0AE4AYQBtAGUAAAAAAE0AaQBjAHIAbwBzAG8AZgB0AK4AIAAuAE4ARQBUACAARgByAGEAbQBlAHcAbwByAGsAAABsAaQAAQBQAHIAbwBkAHUAYwB0AFYAZQByAHMAaQBvAG4AAAA0AC4ANgAuADIAOQAzADAAMQAuADAAMgAgAEAAQgB1AGkAbAB0AEIAeQA6ACAAZABsAGEAYgAxADQALQB2AHMAMgAwADEANwBtAGIANgAwADAAMAAwADEAMQAgAEAAQgByAGEAbgBjAGgAOgAgAGoAdQBoAG8AeQBvAHMAYQAvAHQAZQBzAHQALQBwAG8AbwBsAHMAIABAAFMAcgBjAEMAbwBkAGUAOgAgAGgAdAB0AHAAcwA6AC8ALwBnAGkAdABoAHUAYgAuAGMAbwBtAC8AZABvAHQAbgBlAHQALwBjAG8AcgBlAGYAeAAvAHQAcgBlAGUALwBiADUAMgAxAGEANgBkADIAZQA5ADMAOABlADcANQBmADUAOAA4ADkAYwBhAGEAOAA4ADQANAAxADcAOQAzADUAMgBiADgAZQA3ADgAZAAxAAAAOAAIAAEAQQBzAHMAZQBtAGIAbAB5ACAAVgBlAHIAcwBpAG8AbgAAADQALgAyAC4AMQAuADAAAAA=","PDBNotPresent","","v4.0.30319"
"System.Runtime.Extensions, Version=4.2.1.0, Culture=neutral, PublicKeyToken=b03f5f7f11d50a3a","","1598978701","RAU0AAAAVgBTAF8AVgBFAFIAUwBJAE8ATgBfAEkATgBGAE8AAAAAAL0E7/4AAAEABgAEAAIAdXIAAAAAAAAAAD8AAAAAAAAABAAAAAIAAAAAAAAAAAAAAAAAAABEAAAAAQBWAGEAcgBGAGkAbABlAEkAbgBmAG8AAAAAACQABAAAAFQAcgBhAG4AcwBsAGEAdABpAG8AbgAAAAAAAACwBKQEAAABAFMAdAByAGkAbgBnAEYAaQBsAGUASQBuAGYAbwAAAIAEAAABADAAMAAwADAAMAA0AGIAMAAAAEwAGgABAEMAbwBtAG0AZQBuAHQAcwAAAFMAeQBzAHQAZQBtAC4AUgB1AG4AdABpAG0AZQAuAEUAeAB0AGUAbgBzAGkAbwBuAHMAAABMABYAAQBDAG8AbQBwAGEAbgB5AE4AYQBtAGUAAAAAAE0AaQBjAHIAbwBzAG8AZgB0ACAAQwBvAHIAcABvAHIAYQB0AGkAbwBuAAAAXAAaAAEARgBpAGwAZQBEAGUAcwBjAHIAaQBwAHQAaQBvAG4AAAAAAFMAeQBzAHQAZQBtAC4AUgB1AG4AdABpAG0AZQAuAEUAeAB0AGUAbgBzAGkAbwBuAHMAAAA6AA0AAQBGAGkAbABlAFYAZQByAHMAaQBvAG4AAAAAADQALgA2AC4AMgA5ADMAMAAxAC4AMAAyAAAAAABcAB4AAQBJAG4AdABlAHIAbgBhAGwATgBhAG0AZQAAAFMAeQBzAHQAZQBtAC4AUgB1AG4AdABpAG0AZQAuAEUAeAB0AGUAbgBzAGkAbwBuAHMALgBkAGwAbAAAAIAALgABAEwAZQBnAGEAbABDAG8AcAB5AHIAaQBnAGgAdAAAAKkAIABNAGkAYwByAG8AcwBvAGYAdAAgAEMAbwByAHAAbwByAGEAdABpAG8AbgAuACAAQQBsAGwAIAByAGkAZwBoAHQAcwAgAHIAZQBzAGUAcgB2AGUAZAAuAAAAZAAeAAEATwByAGkAZwBpAG4AYQBsAEYAaQBsAGUAbgBhAG0AZQAAAFMAeQBzAHQAZQBtAC4AUgB1AG4AdABpAG0AZQAuAEUAeAB0AGUAbgBzAGkAbwBuAHMALgBkAGwAbAAAAFQAGgABAFAAcgBvAGQAdQBjAHQATgBhAG0AZQAAAAAATQBpAGMAcgBvAHMAbwBmAHQArgAgAC4ATgBFAFQAIABGAHIAYQBtAGUAdwBvAHIAawAAAGwBpAABAFAAcgBvAGQAdQBjAHQAVgBlAHIAcwBpAG8AbgAAADQALgA2AC4AMgA5ADMAMAAxAC4AMAAyACAAQABCAHUAaQBsAHQAQgB5ADoAIABkAGwAYQBiADEANAAtAHYAcwAyADAAMQA3AG0AYgA2ADAAMAAwADAAMQAxACAAQABCAHIAYQBuAGMAaAA6ACAAagB1AGgAbwB5AG8AcwBhAC8AdABlAHMAdAAtAHAAbwBvAGwAcwAgAEAAUwByAGMAQwBvAGQAZQA6ACAAaAB0AHQAcABzADoALwAvAGcAaQB0AGgAdQBiAC4AYwBvAG0ALwBkAG8AdABuAGUAdAAvAGMAbwByAGUAZgB4AC8AdAByAGUAZQAvAGIANQAyADEAYQA2AGQAMgBlADkAMwA4AGUANwA1AGYANQA4ADgAOQBjAGEAYQA4ADgANAA0ADEANwA5ADMANQAyAGIAOABlADcAOABkADEAAAA4AAgAAQBBAHMAcwBlAG0AYgBsAHkAIABWAGUAcgBzAGkAbwBuAAAANAAuADIALgAxAC4AMAAAAA==","PDBNotPresent","","v4.0.30319"
"System.Security.Principal, Version=4.1.1.0, Culture=neutral, PublicKeyToken=b03f5f7f11d50a3a","","1598978697","RAU0AAAAVgBTAF8AVgBFAFIAUwBJAE8ATgBfAEkATgBGAE8AAAAAAL0E7/4AAAEABgAEAAIAdXIAAAAAAAAAAD8AAAAAAAAABAAAAAIAAAAAAAAAAAAAAAAAAABEAAAAAQBWAGEAcgBGAGkAbABlAEkAbgBmAG8AAAAAACQABAAAAFQAcgBhAG4AcwBsAGEAdABpAG8AbgAAAAAAAACwBKQEAAABAFMAdAByAGkAbgBnAEYAaQBsAGUASQBuAGYAbwAAAIAEAAABADAAMAAwADAAMAA0AGIAMAAAAEwAGgABAEMAbwBtAG0AZQBuAHQAcwAAAFMAeQBzAHQAZQBtAC4AUwBlAGMAdQByAGkAdAB5AC4AUAByAGkAbgBjAGkAcABhAGwAAABMABYAAQBDAG8AbQBwAGEAbgB5AE4AYQBtAGUAAAAAAE0AaQBjAHIAbwBzAG8AZgB0ACAAQwBvAHIAcABvAHIAYQB0AGkAbwBuAAAAXAAaAAEARgBpAGwAZQBEAGUAcwBjAHIAaQBwAHQAaQBvAG4AAAAAAFMAeQBzAHQAZQBtAC4AUwBlAGMAdQByAGkAdAB5AC4AUAByAGkAbgBjAGkAcABhAGwAAAA6AA0AAQBGAGkAbABlAFYAZQByAHMAaQBvAG4AAAAAADQALgA2AC4AMgA5ADMAMAAxAC4AMAAyAAAAAABcAB4AAQBJAG4AdABlAHIAbgBhAGwATgBhAG0AZQAAAFMAeQBzAHQAZQBtAC4AUwBlAGMAdQByAGkAdAB5AC4AUAByAGkAbgBjAGkAcABhAGwALgBkAGwAbAAAAIAALgABAEwAZQBnAGEAbABDAG8AcAB5AHIAaQBnAGgAdAAAAKkAIABNAGkAYwByAG8AcwBvAGYAdAAgAEMAbwByAHAAbwByAGEAdABpAG8AbgAuACAAQQBsAGwAIAByAGkAZwBoAHQAcwAgAHIAZQBzAGUAcgB2AGUAZAAuAAAAZAAeAAEATwByAGkAZwBpAG4AYQBsAEYAaQBsAGUAbgBhAG0AZQAAAFMAeQBzAHQAZQBtAC4AUwBlAGMAdQByAGkAdAB5AC4AUAByAGkAbgBjAGkAcABhAGwALgBkAGwAbAAAAFQAGgABAFAAcgBvAGQAdQBjAHQATgBhAG0AZQAAAAAATQBpAGMAcgBvAHMAbwBmAHQArgAgAC4ATgBFAFQAIABGAHIAYQBtAGUAdwBvAHIAawAAAGwBpAABAFAAcgBvAGQAdQBjAHQAVgBlAHIAcwBpAG8AbgAAADQALgA2AC4AMgA5ADMAMAAxAC4AMAAyACAAQABCAHUAaQBsAHQAQgB5ADoAIABkAGwAYQBiADEANAAtAHYAcwAyADAAMQA3AG0AYgA2ADAAMAAwADAAMQAxACAAQABCAHIAYQBuAGMAaAA6ACAAagB1AGgAbwB5AG8AcwBhAC8AdABlAHMAdAAtAHAAbwBvAGwAcwAgAEAAUwByAGMAQwBvAGQAZQA6ACAAaAB0AHQAcABzADoALwAvAGcAaQB0AGgAdQBiAC4AYwBvAG0ALwBkAG8AdABuAGUAdAAvAGMAbwByAGUAZgB4AC8AdAByAGUAZQAvAGIANQAyADEAYQA2AGQAMgBlADkAMwA4AGUANwA1AGYANQA4ADgAOQBjAGEAYQA4ADgANAA0ADEANwA5ADMANQAyAGIAOABlADcAOABkADEAAAA4AAgAAQBBAHMAcwBlAG0AYgBsAHkAIABWAGUAcgBzAGkAbwBuAAAANAAuADEALgAxAC4AMAAAAA==","PDBPresent","","v4.0.30319"
"System.Text.RegularExpressions, Version=4.2.1.0, Culture=neutral, PublicKeyToken=b03f5f7f11d50a3a","","1598978759","dAU0AAAAVgBTAF8AVgBFAFIAUwBJAE8ATgBfAEkATgBGAE8AAAAAAL0E7/4AAAEABgAEAAIAdXIAAAAAAAAAAD8AAAAAAAAABAAAAAIAAAAAAAAAAAAAAAAAAABEAAAAAQBWAGEAcgBGAGkAbABlAEkAbgBmAG8AAAAAACQABAAAAFQAcgBhAG4AcwBsAGEAdABpAG8AbgAAAAAAAACwBNQEAAABAFMAdAByAGkAbgBnAEYAaQBsAGUASQBuAGYAbwAAALAEAAABADAAMAAwADAAMAA0AGIAMAAAAFYAHwABAEMAbwBtAG0AZQBuAHQAcwAAAFMAeQBzAHQAZQBtAC4AVABlAHgAdAAuAFIAZQBnAHUAbABhAHIARQB4AHAAcgBlAHMAcwBpAG8AbgBzAAAAAABMABYAAQBDAG8AbQBwAGEAbgB5AE4AYQBtAGUAAAAAAE0AaQBjAHIAbwBzAG8AZgB0ACAAQwBvAHIAcABvAHIAYQB0AGkAbwBuAAAAZgAfAAEARgBpAGwAZQBEAGUAcwBjAHIAaQBwAHQAaQBvAG4AAAAAAFMAeQBzAHQAZQBtAC4AVABlAHgAdAAuAFIAZQBnAHUAbABhAHIARQB4AHAAcgBlAHMAcwBpAG8AbgBzAAAAAAA6AA0AAQBGAGkAbABlAFYAZQByAHMAaQBvAG4AAAAAADQALgA2AC4AMgA5ADMAMAAxAC4AMAAyAAAAAABmACMAAQBJAG4AdABlAHIAbgBhAGwATgBhAG0AZQAAAFMAeQBzAHQAZQBtAC4AVABlAHgAdAAuAFIAZQBnAHUAbABhAHIARQB4AHAAcgBlAHMAcwBpAG8AbgBzAC4AZABsAGwAAAAAAIAALgABAEwAZQBnAGEAbABDAG8AcAB5AHIAaQBnAGgAdAAAAKkAIABNAGkAYwByAG8AcwBvAGYAdAAgAEMAbwByAHAAbwByAGEAdABpAG8AbgAuACAAQQBsAGwAIAByAGkAZwBoAHQAcwAgAHIAZQBzAGUAcgB2AGUAZAAuAAAAbgAjAAEATwByAGkAZwBpAG4AYQBsAEYAaQBsAGUAbgBhAG0AZQAAAFMAeQBzAHQAZQBtAC4AVABlAHgAdAAuAFIAZQBnAHUAbABhAHIARQB4AHAAcgBlAHMAcwBpAG8AbgBzAC4AZABsAGwAAAAAAFQAGgABAFAAcgBvAGQAdQBjAHQATgBhAG0AZQAAAAAATQBpAGMAcgBvAHMAbwBmAHQArgAgAC4ATgBFAFQAIABGAHIAYQBtAGUAdwBvAHIAawAAAGwBpAABAFAAcgBvAGQAdQBjAHQAVgBlAHIAcwBpAG8AbgAAADQALgA2AC4AMgA5ADMAMAAxAC4AMAAyACAAQABCAHUAaQBsAHQAQgB5ADoAIABkAGwAYQBiADEANAAtAHYAcwAyADAAMQA3AG0AYgA2ADAAMAAwADAAMQAxACAAQABCAHIAYQBuAGMAaAA6ACAAagB1AGgAbwB5AG8AcwBhAC8AdABlAHMAdAAtAHAAbwBvAGwAcwAgAEAAUwByAGMAQwBvAGQAZQA6ACAAaAB0AHQAcABzADoALwAvAGcAaQB0AGgAdQBiAC4AYwBvAG0ALwBkAG8AdABuAGUAdAAvAGMAbwByAGUAZgB4AC8AdAByAGUAZQAvAGIANQAyADEAYQA2AGQAMgBlADkAMwA4AGUANwA1AGYANQA4ADgAOQBjAGEAYQA4ADgANAA0ADEANwA5ADMANQAyAGIAOABlADcAOABkADEAAAA4AAgAAQBBAHMAcwBlAG0AYgBsAHkAIABWAGUAcgBzAGkAbwBuAAAANAAuADIALgAxAC4AMAAAAA==","PDBPresent","","v4.0.30319"
"System.Threading, Version=4.1.1.0, Culture=neutral, PublicKeyToken=b03f5f7f11d50a3a","","1598978708","BAU0AAAAVgBTAF8AVgBFAFIAUwBJAE8ATgBfAEkATgBGAE8AAAAAAL0E7/4AAAEABgAEAAIAdXIAAAAAAAAAAD8AAAAAAAAABAAAAAIAAAAAAAAAAAAAAAAAAABEAAAAAQBWAGEAcgBGAGkAbABlAEkAbgBmAG8AAAAAACQABAAAAFQAcgBhAG4AcwBsAGEAdABpAG8AbgAAAAAAAACwBGQEAAABAFMAdAByAGkAbgBnAEYAaQBsAGUASQBuAGYAbwAAAEAEAAABADAAMAAwADAAMAA0AGIAMAAAADoAEQABAEMAbwBtAG0AZQBuAHQAcwAAAFMAeQBzAHQAZQBtAC4AVABoAHIAZQBhAGQAaQBuAGcAAAAAAEwAFgABAEMAbwBtAHAAYQBuAHkATgBhAG0AZQAAAAAATQBpAGMAcgBvAHMAbwBmAHQAIABDAG8AcgBwAG8AcgBhAHQAaQBvAG4AAABKABEAAQBGAGkAbABlAEQAZQBzAGMAcgBpAHAAdABpAG8AbgAAAAAAUwB5AHMAdABlAG0ALgBUAGgAcgBlAGEAZABpAG4AZwAAAAAAOgANAAEARgBpAGwAZQBWAGUAcgBzAGkAbwBuAAAAAAA0AC4ANgAuADIAOQAzADAAMQAuADAAMgAAAAAASgAVAAEASQBuAHQAZQByAG4AYQBsAE4AYQBtAGUAAABTAHkAcwB0AGUAbQAuAFQAaAByAGUAYQBkAGkAbgBnAC4AZABsAGwAAAAAAIAALgABAEwAZQBnAGEAbABDAG8AcAB5AHIAaQBnAGgAdAAAAKkAIABNAGkAYwByAG8AcwBvAGYAdAAgAEMAbwByAHAAbwByAGEAdABpAG8AbgAuACAAQQBsAGwAIAByAGkAZwBoAHQAcwAgAHIAZQBzAGUAcgB2AGUAZAAuAAAAUgAVAAEATwByAGkAZwBpAG4AYQBsAEYAaQBsAGUAbgBhAG0AZQAAAFMAeQBzAHQAZQBtAC4AVABoAHIAZQBhAGQAaQBuAGcALgBkAGwAbAAAAAAAVAAaAAEAUAByAG8AZAB1AGMAdABOAGEAbQBlAAAAAABNAGkAYwByAG8AcwBvAGYAdACuACAALgBOAEUAVAAgAEYAcgBhAG0AZQB3AG8AcgBrAAAAbAGkAAEAUAByAG8AZAB1AGMAdABWAGUAcgBzAGkAbwBuAAAANAAuADYALgAyADkAMwAwADEALgAwADIAIABAAEIAdQBpAGwAdABCAHkAOgAgAGQAbABhAGIAMQA0AC0AdgBzADIAMAAxADcAbQBiADYAMAAwADAAMAAxADEAIABAAEIAcgBhAG4AYwBoADoAIABqAHUAaABvAHkAbwBzAGEALwB0AGUAcwB0AC0AcABvAG8AbABzACAAQABTAHIAYwBDAG8AZABlADoAIABoAHQAdABwAHMAOgAvAC8AZwBpAHQAaAB1AGIALgBjAG8AbQAvAGQAbwB0AG4AZQB0AC8AYwBvAHIAZQBmAHgALwB0AHIAZQBlAC8AYgA1ADIAMQBhADYAZAAyAGUAOQAzADgAZQA3ADUAZgA1ADgAOAA5AGMAYQBhADgAOAA0ADQAMQA3ADkAMwA1ADIAYgA4AGUANwA4AGQAMQAAADgACAABAEEAcwBzAGUAbQBiAGwAeQAgAFYAZQByAHMAaQBvAG4AAAA0AC4AMQAuADEALgAwAAAA","PDBNotPresent","","v4.0.30319"
"System.Private.SharedLibrary.Generated, Version=1.0.0.0, Culture=neutral, PublicKeyToken=null","","1605180107","AAA=","PDBNotPresent","","v4.0.30319"
"System.Private.CoreLib, Version=4.0.0.0, Culture=neutral, PublicKeyToken=b03f5f7f11d50a3a","","1605178940","YAQ0AAAAVgBTAF8AVgBFAFIAUwBJAE8ATgBfAEkATgBGAE8AAAAAAL0E7/4AAAEABgAEAAAAQXMAAAAAAAAAAD8AAAAAAAAABAAAAAIAAAAAAAAAAAAAAAAAAABEAAAAAQBWAGEAcgBGAGkAbABlAEkAbgBmAG8AAAAAACQABAAAAFQAcgBhAG4AcwBsAGEAdABpAG8AbgAAAAAAAACwBMADAAABAFMAdAByAGkAbgBnAEYAaQBsAGUASQBuAGYAbwAAAJwDAAABADAAMAAwADAAMAA0AGIAMAAAAEYAFwABAEMAbwBtAG0AZQBuAHQAcwAAAFMAeQBzAHQAZQBtAC4AUAByAGkAdgBhAHQAZQAuAEMAbwByAGUATABpAGIAAAAAAEwAFgABAEMAbwBtAHAAYQBuAHkATgBhAG0AZQAAAAAATQBpAGMAcgBvAHMAbwBmAHQAIABDAG8AcgBwAG8AcgBhAHQAaQBvAG4AAABWABcAAQBGAGkAbABlAEQAZQBzAGMAcgBpAHAAdABpAG8AbgAAAAAAUwB5AHMAdABlAG0ALgBQAHIAaQB2AGEAdABlAC4AQwBvAHIAZQBMAGkAYgAAAAAAOAAMAAEARgBpAGwAZQBWAGUAcgBzAGkAbwBuAAAAAAA0AC4ANgAuADIAOQA1ADAANQAuADAAAABWABsAAQBJAG4AdABlAHIAbgBhAGwATgBhAG0AZQAAAFMAeQBzAHQAZQBtAC4AUAByAGkAdgBhAHQAZQAuAEMAbwByAGUATABpAGIALgBkAGwAbAAAAAAAggAvAAEATABlAGcAYQBsAEMAbwBwAHkAcgBpAGcAaAB0AAAAqQAgAE0AaQBjAHIAbwBzAG8AZgB0ACAAQwBvAHIAcABvAHIAYQB0AGkAbwBuAC4AIAAgAEEAbABsACAAcgBpAGcAaAB0AHMAIAByAGUAcwBlAHIAdgBlAGQALgAAAAAAXgAbAAEATwByAGkAZwBpAG4AYQBsAEYAaQBsAGUAbgBhAG0AZQAAAFMAeQBzAHQAZQBtAC4AUAByAGkAdgBhAHQAZQAuAEMAbwByAGUATABpAGIALgBkAGwAbAAAAAAAVAAaAAEAUAByAG8AZAB1AGMAdABOAGEAbQBlAAAAAABNAGkAYwByAG8AcwBvAGYAdACuACAALgBOAEUAVAAgAEYAcgBhAG0AZQB3AG8AcgBrAAAAlgA5AAEAUAByAG8AZAB1AGMAdABWAGUAcgBzAGkAbwBuAAAANAAuADYALgAyADkANQAwADUALgAwACAAYgB1AGkAbAB0ACAAYgB5ADoAIABkAGwAYQBiADEANAAtAEQARABCAEwARAAzADQAMgBCAC4AIABDAG8AbQBtAGkAdAAgAEgAYQBzAGgAOgAgAE4ALwBBAAAAAAA4AAgAAQBBAHMAcwBlAG0AYgBsAHkAIABWAGUAcgBzAGkAbwBuAAAANAAuADAALgAwAC4AMAAAAA==","PDBPresent","","v4.0.30319"
"System.Private.SharedLibrary.Interop.Generated, Version=0.0.0.0, Culture=neutral, PublicKeyToken=null","","1605180122","5AI0AAAAVgBTAF8AVgBFAFIAUwBJAE8ATgBfAEkATgBGAE8AAAAAAL0E7/4AAAEAAAAAAAAAAAAAAAAAAAAAAD8AAAAAAAAABAAAAAIAAAAAAAAAAAAAAAAAAABEAAAAAQBWAGEAcgBGAGkAbABlAEkAbgBmAG8AAAAAACQABAAAAFQAcgBhAG4AcwBsAGEAdABpAG8AbgAAAAAAAACwBEQCAAABAFMAdAByAGkAbgBnAEYAaQBsAGUASQBuAGYAbwAAACACAAABADAAMAAwADAAMAA0AGIAMAAAACwAAgABAEYAaQBsAGUARABlAHMAYwByAGkAcAB0AGkAbwBuAAAAAAAgAAAAMAAIAAEARgBpAGwAZQBWAGUAcgBzAGkAbwBuAAAAAAAwAC4AMAAuADAALgAwAAAAhgAzAAEASQBuAHQAZQByAG4AYQBsAE4AYQBtAGUAAABTAHkAcwB0AGUAbQAuAFAAcgBpAHYAYQB0AGUALgBTAGgAYQByAGUAZABMAGkAYgByAGEAcgB5AC4ASQBuAHQAZQByAG8AcAAuAEcAZQBuAGUAcgBhAHQAZQBkAC4AZABsAGwAAAAAACgAAgABAEwAZQBnAGEAbABDAG8AcAB5AHIAaQBnAGgAdAAAACAAAACOADMAAQBPAHIAaQBnAGkAbgBhAGwARgBpAGwAZQBuAGEAbQBlAAAAUwB5AHMAdABlAG0ALgBQAHIAaQB2AGEAdABlAC4AUwBoAGEAcgBlAGQATABpAGIAcgBhAHIAeQAuAEkAbgB0AGUAcgBvAHAALgBHAGUAbgBlAHIAYQB0AGUAZAAuAGQAbABsAAAAAAA0AAgAAQBQAHIAbwBkAHUAYwB0AFYAZQByAHMAaQBvAG4AAAAwAC4AMAAuADAALgAwAAAAOAAIAAEAQQBzAHMAZQBtAGIAbAB5ACAAVgBlAHIAcwBpAG8AbgAAADAALgAwAC4AMAAuADAAAAA=","PDBPresent","","v4.0.30319"
"StreamingClientLinux, Version=1.0.0.0, Culture=neutral, PublicKeyToken=null","","1647703066","jAM0AAAAVgBTAF8AVgBFAFIAUwBJAE8ATgBfAEkATgBGAE8AAAAAAL0E7/4AAAEAAAABAAAAAAAAAAEAAAAAAD8AAAAAAAAABAAAAAEAAAAAAAAAAAAAAAAAAABEAAAAAQBWAGEAcgBGAGkAbABlAEkAbgBmAG8AAAAAACQABAAAAFQAcgBhAG4AcwBsAGEAdABpAG8AbgAAAAAAAACwBOwCAAABAFMAdAByAGkAbgBnAEYAaQBsAGUASQBuAGYAbwAAAMgCAAABADAAMAAwADAAMAA0AGIAMAAAABoAAQABAEMAbwBtAG0AZQBuAHQAcwAAAAAAAAAiAAEAAQBDAG8AbQBwAGEAbgB5AE4AYQBtAGUAAAAAAAAAAABaABkAAQBGAGkAbABlAEQAZQBzAGMAcgBpAHAAdABpAG8AbgAAAAAAUwB0AHIAZQBhAG0AaQBuAGcAQwBsAGkAZQBuAHQATABpAG4AdQB4AC4AVQBXAFAAAAAAADAACAABAEYAaQBsAGUAVgBlAHIAcwBpAG8AbgAAAAAAMQAuADAALgAwAC4AMAAAAFIAGQABAEkAbgB0AGUAcgBuAGEAbABOAGEAbQBlAAAAUwB0AHIAZQBhAG0AaQBuAGcAQwBsAGkAZQBuAHQATABpAG4AdQB4AC4AZQB4AGUAAAAAAEgAEgABAEwAZQBnAGEAbABDAG8AcAB5AHIAaQBnAGgAdAAAAEMAbwBwAHkAcgBpAGcAaAB0ACAAqQAgACAAMgAwADIAMgAAACoAAQABAEwAZQBnAGEAbABUAHIAYQBkAGUAbQBhAHIAawBzAAAAAAAAAAAAWgAZAAEATwByAGkAZwBpAG4AYQBsAEYAaQBsAGUAbgBhAG0AZQAAAFMAdAByAGUAYQBtAGkAbgBnAEMAbABpAGUAbgB0AEwAaQBuAHUAeAAuAGUAeABlAAAAAABSABkAAQBQAHIAbwBkAHUAYwB0AE4AYQBtAGUAAAAAAFMAdAByAGUAYQBtAGkAbgBnAEMAbABpAGUAbgB0AEwAaQBuAHUAeAAuAFUAVwBQAAAAAAA0AAgAAQBQAHIAbwBkAHUAYwB0AFYAZQByAHMAaQBvAG4AAAAxAC4AMAAuADAALgAwAAAAOAAIAAEAQQBzAHMAZQBtAGIAbAB5ACAAVgBlAHIAcwBpAG8AbgAAADEALgAwAC4AMAAuADAAAAA=","PDBPresent","","v4.0.30319"
"System.Private.DeveloperExperience.AppX, Version=4.0.0.0, Culture=neutral, PublicKeyToken=b03f5f7f11d50a3a","","1605224619","HAQ0AAAAVgBTAF8AVgBFAFIAUwBJAE8ATgBfAEkATgBGAE8AAAAAAL0E7/4AAAEABgAEAAAAAAAGAAQAAAAAAD8AAAAAAAAABAAAAAIAAAAAAAAAAAAAAAAAAAB8AwAAAQBTAHQAcgBpAG4AZwBGAGkAbABlAEkAbgBmAG8AAABYAwAAAQAwADQAMAA5ADAANABFADQAAABMABYAAQBDAG8AbQBwAGEAbgB5AE4AYQBtAGUAAAAAAE0AaQBjAHIAbwBzAG8AZgB0ACAAQwBvAHIAcABvAHIAYQB0AGkAbwBuAAAAeAAoAAEARgBpAGwAZQBEAGUAcwBjAHIAaQBwAHQAaQBvAG4AAAAAAFMAeQBzAHQAZQBtAC4AUAByAGkAdgBhAHQAZQAuAEQAZQB2AGUAbABvAHAAZQByAEUAeABwAGUAcgBpAGUAbgBjAGUALgBBAHAAcABYAAAAXAAeAAEARgBpAGwAZQBWAGUAcgBzAGkAbwBuAAAAAAA0AC4ANgAuADAALgAwACAAYgB1AGkAbAB0ACAAYgB5ADoAIABQAFIATwBKAEUAQwBUAE4AUgBFAEwAAABwACgAAQBJAG4AdABlAHIAbgBhAGwATgBhAG0AZQAAAFMAeQBzAHQAZQBtAC4AUAByAGkAdgBhAHQAZQAuAEQAZQB2AGUAbABvAHAAZQByAEUAeABwAGUAcgBpAGUAbgBjAGUALgBBAHAAcABYAAAAggAvAAEATABlAGcAYQBsAEMAbwBwAHkAcgBpAGcAaAB0AAAAqQAgAE0AaQBjAHIAbwBzAG8AZgB0ACAAQwBvAHIAcABvAHIAYQB0AGkAbwBuAC4AIAAgAEEAbABsACAAcgBpAGcAaAB0AHMAIAByAGUAcwBlAHIAdgBlAGQALgAAAAAAeAAoAAEATwByAGkAZwBpAG4AYQBsAEYAaQBsAGUAbgBhAG0AZQAAAFMAeQBzAHQAZQBtAC4AUAByAGkAdgBhAHQAZQAuAEQAZQB2AGUAbABvAHAAZQByAEUAeABwAGUAcgBpAGUAbgBjAGUALgBBAHAAcABYAAAAVAAaAAEAUAByAG8AZAB1AGMAdABOAGEAbQBlAAAAAABNAGkAYwByAG8AcwBvAGYAdACuACAALgBOAEUAVAAgAEYAcgBhAG0AZQB3AG8AcgBrAAAAYAAeAAEAUAByAG8AZAB1AGMAdABWAGUAcgBzAGkAbwBuAAAANAAuADYALgAwAC4AMAAgAGIAdQBpAGwAdAAgAGIAeQA6ACAAUABSAE8ASgBFAEMAVABOAFIARQBMAAAARAAAAAEAVgBhAHIARgBpAGwAZQBJAG4AZgBvAAAAAAAkAAQAAABUAHIAYQBuAHMAbABhAHQAaQBvAG4AAAAAAAkE5AQ=","PDBPresent","","v4.0.30319"
"System.Private.WinRTInterop.CoreLib, Version=4.0.0.0, Culture=neutral, PublicKeyToken=b77a5c561934e089","","1605224612","HAQ0AAAAVgBTAF8AVgBFAFIAUwBJAE8ATgBfAEkATgBGAE8AAAAAAL0E7/4AAAEABgAEAAEASHMGAAQAAQBIcz8AAAAAAAAABAAAAAIAAAAAAAAAAAAAAAAAAAB6AwAAAQBTAHQAcgBpAG4AZwBGAGkAbABlAEkAbgBmAG8AAABWAwAAAQAwADQAMAA5ADAANABFADQAAABMABYAAQBDAG8AbQBwAGEAbgB5AE4AYQBtAGUAAAAAAE0AaQBjAHIAbwBzAG8AZgB0ACAAQwBvAHIAcABvAHIAYQB0AGkAbwBuAAAAcAAkAAEARgBpAGwAZQBEAGUAcwBjAHIAaQBwAHQAaQBvAG4AAAAAAFMAeQBzAHQAZQBtAC4AUAByAGkAdgBhAHQAZQAuAFcAaQBuAFIAVABJAG4AdABlAHIAbwBwAC4AQwBvAHIAZQBMAGkAYgAAAGYAIwABAEYAaQBsAGUAVgBlAHIAcwBpAG8AbgAAAAAANAAuADYALgAyADkANQAxADIALgAwADEAIABiAHUAaQBsAHQAIABiAHkAOgAgAFAAUgBPAEoARQBDAFQATgBSAEUATAAAAAAAaAAkAAEASQBuAHQAZQByAG4AYQBsAE4AYQBtAGUAAABTAHkAcwB0AGUAbQAuAFAAcgBpAHYAYQB0AGUALgBXAGkAbgBSAFQASQBuAHQAZQByAG8AcAAuAEMAbwByAGUATABpAGIAAACCAC8AAQBMAGUAZwBhAGwAQwBvAHAAeQByAGkAZwBoAHQAAACpACAATQBpAGMAcgBvAHMAbwBmAHQAIABDAG8AcgBwAG8AcgBhAHQAaQBvAG4ALgAgACAAQQBsAGwAIAByAGkAZwBoAHQAcwAgAHIAZQBzAGUAcgB2AGUAZAAuAAAAAABwACQAAQBPAHIAaQBnAGkAbgBhAGwARgBpAGwAZQBuAGEAbQBlAAAAUwB5AHMAdABlAG0ALgBQAHIAaQB2AGEAdABlAC4AVwBpAG4AUgBUAEkAbgB0AGUAcgBvAHAALgBDAG8AcgBlAEwAaQBiAAAAVAAaAAEAUAByAG8AZAB1AGMAdABOAGEAbQBlAAAAAABNAGkAYwByAG8AcwBvAGYAdACuACAALgBOAEUAVAAgAEYAcgBhAG0AZQB3AG8AcgBrAAAAagAjAAEAUAByAG8AZAB1AGMAdABWAGUAcgBzAGkAbwBuAAAANAAuADYALgAyADkANQAxADIALgAwADEAIABiAHUAaQBsAHQAIABiAHkAOgAgAFAAUgBPAEoARQBDAFQATgBSAEUATAAAAAAARAAAAAEAVgBhAHIARgBpAGwAZQBJAG4AZgBvAAAAAAAkAAQAAABUAHIAYQBuAHMAbABhAHQAaQBvAG4AAAAAAAkE5AQ=","PDBPresent","","v4.0.30319"
"System.Text.Encoding.CodePages, Version=4.1.1.0, Culture=neutral, PublicKeyToken=b03f5f7f11d50a3a","","1598978757","dAU0AAAAVgBTAF8AVgBFAFIAUwBJAE8ATgBfAEkATgBGAE8AAAAAAL0E7/4AAAEABgAEAAIAdXIAAAAAAAAAAD8AAAAAAAAABAAAAAIAAAAAAAAAAAAAAAAAAABEAAAAAQBWAGEAcgBGAGkAbABlAEkAbgBmAG8AAAAAACQABAAAAFQAcgBhAG4AcwBsAGEAdABpAG8AbgAAAAAAAACwBNQEAAABAFMAdAByAGkAbgBnAEYAaQBsAGUASQBuAGYAbwAAALAEAAABADAAMAAwADAAMAA0AGIAMAAAAFYAHwABAEMAbwBtAG0AZQBuAHQAcwAAAFMAeQBzAHQAZQBtAC4AVABlAHgAdAAuAEUAbgBjAG8AZABpAG4AZwAuAEMAbwBkAGUAUABhAGcAZQBzAAAAAABMABYAAQBDAG8AbQBwAGEAbgB5AE4AYQBtAGUAAAAAAE0AaQBjAHIAbwBzAG8AZgB0ACAAQwBvAHIAcABvAHIAYQB0AGkAbwBuAAAAZgAfAAEARgBpAGwAZQBEAGUAcwBjAHIAaQBwAHQAaQBvAG4AAAAAAFMAeQBzAHQAZQBtAC4AVABlAHgAdAAuAEUAbgBjAG8AZABpAG4AZwAuAEMAbwBkAGUAUABhAGcAZQBzAAAAAAA6AA0AAQBGAGkAbABlAFYAZQByAHMAaQBvAG4AAAAAADQALgA2AC4AMgA5ADMAMAAxAC4AMAAyAAAAAABmACMAAQBJAG4AdABlAHIAbgBhAGwATgBhAG0AZQAAAFMAeQBzAHQAZQBtAC4AVABlAHgAdAAuAEUAbgBjAG8AZABpAG4AZwAuAEMAbwBkAGUAUABhAGcAZQBzAC4AZABsAGwAAAAAAIAALgABAEwAZQBnAGEAbABDAG8AcAB5AHIAaQBnAGgAdAAAAKkAIABNAGkAYwByAG8AcwBvAGYAdAAgAEMAbwByAHAAbwByAGEAdABpAG8AbgAuACAAQQBsAGwAIAByAGkAZwBoAHQAcwAgAHIAZQBzAGUAcgB2AGUAZAAuAAAAbgAjAAEATwByAGkAZwBpAG4AYQBsAEYAaQBsAGUAbgBhAG0AZQAAAFMAeQBzAHQAZQBtAC4AVABlAHgAdAAuAEUAbgBjAG8AZABpAG4AZwAuAEMAbwBkAGUAUABhAGcAZQBzAC4AZABsAGwAAAAAAFQAGgABAFAAcgBvAGQAdQBjAHQATgBhAG0AZQAAAAAATQBpAGMAcgBvAHMAbwBmAHQArgAgAC4ATgBFAFQAIABGAHIAYQBtAGUAdwBvAHIAawAAAGwBpAABAFAAcgBvAGQAdQBjAHQAVgBlAHIAcwBpAG8AbgAAADQALgA2AC4AMgA5ADMAMAAxAC4AMAAyACAAQABCAHUAaQBsAHQAQgB5ADoAIABkAGwAYQBiADEANAAtAHYAcwAyADAAMQA3AG0AYgA2ADAAMAAwADAAMQAxACAAQABCAHIAYQBuAGMAaAA6ACAAagB1AGgAbwB5AG8AcwBhAC8AdABlAHMAdAAtAHAAbwBvAGwAcwAgAEAAUwByAGMAQwBvAGQAZQA6ACAAaAB0AHQAcABzADoALwAvAGcAaQB0AGgAdQBiAC4AYwBvAG0ALwBkAG8AdABuAGUAdAAvAGMAbwByAGUAZgB4AC8AdAByAGUAZQAvAGIANQAyADEAYQA2AGQAMgBlADkAMwA4AGUANwA1AGYANQA4ADgAOQBjAGEAYQA4ADgANAA0ADEANwA5ADMANQAyAGIAOABlADcAOABkADEAAAA4AAgAAQBBAHMAcwBlAG0AYgBsAHkAIABWAGUAcgBzAGkAbwBuAAAANAAuADEALgAxAC4AMAAAAA==","PDBNotPresent","","v4.0.30319"
"System.Private.StreamingClientLinux.Generated, Version=1.0.0.0, Culture=neutral, PublicKeyToken=null","","1647703073","AAA=","PDBNotPresent","","v4.0.30319"
"CommonServiceLocator, Version=2.0.5.0, Culture=neutral, PublicKeyToken=489b6accfaf20ef0","","4288042356","PAU0AAAAVgBTAF8AVgBFAFIAUwBJAE8ATgBfAEkATgBGAE8AAAAAAL0E7/4AAAEAAAACAAAABQAAAAIAAAAFAD8AAAAAAAAABAAAAAIAAAAAAAAAAAAAAAAAAABEAAAAAQBWAGEAcgBGAGkAbABlAEkAbgBmAG8AAAAAACQABAAAAFQAcgBhAG4AcwBsAGEAdABpAG8AbgAAAAAAAACwBJwEAAABAFMAdAByAGkAbgBnAEYAaQBsAGUASQBuAGYAbwAAAHgEAAABADAAMAAwADAAMAA0AGIAMAAAAJgBwAABAEMAbwBtAG0AZQBuAHQAcwAAAFQAaABlACAAbABpAGIAcgBhAHIAeQAgAHAAcgBvAHYAaQBkAGUAcwAgAGEAbgAgAGEAYgBzAHQAcgBhAGMAdABpAG8AbgAgAG8AdgBlAHIAIABJAG8AQwAgAGMAbwBuAHQAYQBpAG4AZQByAHMAIABhAG4AZAAgAHMAZQByAHYAaQBjAGUAIABsAG8AYwBhAHQAbwByAHMALgAgAFUAcwBpAG4AZwAgAHQAaABlACAAbABpAGIAcgBhAHIAeQAgAGEAbABsAG8AdwBzACAAYQBuACAAYQBwAHAAbABpAGMAYQB0AGkAbwBuACAAdABvACAAaQBuAGQAaQByAGUAYwB0AGwAeQAgAGEAYwBjAGUAcwBzACAAdABoAGUAIABjAGEAcABhAGIAaQBsAGkAdABpAGUAcwAgAHcAaQB0AGgAbwB1AHQAIAByAGUAbAB5AGkAbgBnACAAbwBuACAAaABhAHIAZAAgAHIAZQBmAGUAcgBlAG4AYwBlAHMALgAAAGgAJAABAEMAbwBtAHAAYQBuAHkATgBhAG0AZQAAAAAATQBpAGMAcgBvAHMAbwBmAHQALgBQAHIAYQBjAHQAaQBjAGUAcwAuAFMAZQByAHYAaQBjAGUATABvAGMAYQB0AGkAbwBuAAAAUgAVAAEARgBpAGwAZQBEAGUAcwBjAHIAaQBwAHQAaQBvAG4AAAAAAEMAbwBtAG0AbwBuAFMAZQByAHYAaQBjAGUATABvAGMAYQB0AG8AcgAAAAAAMAAIAAEARgBpAGwAZQBWAGUAcgBzAGkAbwBuAAAAAAAyAC4AMAAuADUALgAwAAAAUgAZAAEASQBuAHQAZQByAG4AYQBsAE4AYQBtAGUAAABDAG8AbQBtAG8AbgBTAGUAcgB2AGkAYwBlAEwAbwBjAGEAdABvAHIALgBkAGwAbAAAAAAAWgAbAAEATABlAGcAYQBsAEMAbwBwAHkAcgBpAGcAaAB0AAAAQwBvAHAAeQByAGkAZwBoAHQAIACpACAATQBpAGMAcgBvAHMAbwBmAHQAIAAyADAAMAA4AAAAAABaABkAAQBPAHIAaQBnAGkAbgBhAGwARgBpAGwAZQBuAGEAbQBlAAAAQwBvAG0AbQBvAG4AUwBlAHIAdgBpAGMAZQBMAG8AYwBhAHQAbwByAC4AZABsAGwAAAAAAGgAJAABAFAAcgBvAGQAdQBjAHQATgBhAG0AZQAAAAAATQBpAGMAcgBvAHMAbwBmAHQALgBQAHIAYQBjAHQAaQBjAGUAcwAuAFMAZQByAHYAaQBjAGUATABvAGMAYQB0AGkAbwBuAAAAMAAGAAEAUAByAG8AZAB1AGMAdABWAGUAcgBzAGkAbwBuAAAAMgAuADAALgA1AAAAOAAIAAEAQQBzAHMAZQBtAGIAbAB5ACAAVgBlAHIAcwBpAG8AbgAAADIALgAwAC4ANQAuADAAAAA=","PDBNotPresent","","v4.0.30319"
"Uno.Core.Extensions.Logging.Singleton, Version=1.0.0.0, Culture=neutral, PublicKeyToken=null","","3521102155","AAY0AAAAVgBTAF8AVgBFAFIAUwBJAE8ATgBfAEkATgBGAE8AAAAAAL0E7/4AAAEAAAABAAAAAAAAAAAAAAAAAD8AAAAAAAAABAAAAAIAAAAAAAAAAAAAAAAAAABEAAAAAQBWAGEAcgBGAGkAbABlAEkAbgBmAG8AAAAAACQABAAAAFQAcgBhAG4AcwBsAGEAdABpAG8AbgAAAAAAAACwBGAFAAABAFMAdAByAGkAbgBnAEYAaQBsAGUASQBuAGYAbwAAADwFAAABADAAMAAwADAAMAA0AGIAMAAAAPYAbwABAEMAbwBtAG0AZQBuAHQAcwAAAFQAaABpAHMAIABwAGEAYwBrAGEAZwBlACAAcAByAG8AdgBpAGQAZQBzACAAYQAgAHMAZQB0ACAAbwBmACAATABvAGcAZwBpAG4AZwAgAFMAaQBuAGcAbABlAHQAbwBuACAAaABlAGwAcABlAHIAcwAgAGEAbgBkACAAZQB4AHQAZQBuAHMAaQBvAG4AIABtAGUAdABoAG8AZABzACAAdQBzAGUAZAAgAHQAbwAgAGEAYwBjAGUAbABlAHIAYQB0AGUAIABkAGUAdgBlAGwAbwBwAG0AZQBuAHQALgAAAAAAMgAJAAEAQwBvAG0AcABhAG4AeQBOAGEAbQBlAAAAAABuAHYAZQBuAHQAaQB2AGUAAAAAAHQAJgABAEYAaQBsAGUARABlAHMAYwByAGkAcAB0AGkAbwBuAAAAAABVAG4AbwAuAEMAbwByAGUALgBFAHgAdABlAG4AcwBpAG8AbgBzAC4ATABvAGcAZwBpAG4AZwAuAFMAaQBuAGcAbABlAHQAbwBuAAAAMAAIAAEARgBpAGwAZQBWAGUAcgBzAGkAbwBuAAAAAAAxAC4AMAAuADAALgAwAAAAdAAqAAEASQBuAHQAZQByAG4AYQBsAE4AYQBtAGUAAABVAG4AbwAuAEMAbwByAGUALgBFAHgAdABlAG4AcwBpAG8AbgBzAC4ATABvAGcAZwBpAG4AZwAuAFMAaQBuAGcAbABlAHQAbwBuAC4AZABsAGwAAACcADwAAQBMAGUAZwBhAGwAQwBvAHAAeQByAGkAZwBoAHQAAABDAG8AcAB5AHIAaQBnAGgAdAAgACgAQwApACAAMgAwADEANQAtADIAMAAyADEAIABuAHYAZQBuAHQAaQB2AGUAIABpAG4AYwAuACAALQAgAGEAbABsACAAcgBpAGcAaAB0AHMAIAByAGUAcwBlAHIAdgBlAGQAAAB8ACoAAQBPAHIAaQBnAGkAbgBhAGwARgBpAGwAZQBuAGEAbQBlAAAAVQBuAG8ALgBDAG8AcgBlAC4ARQB4AHQAZQBuAHMAaQBvAG4AcwAuAEwAbwBnAGcAaQBuAGcALgBTAGkAbgBnAGwAZQB0AG8AbgAuAGQAbABsAAAAjAA2AAEAUAByAG8AZAB1AGMAdABOAGEAbQBlAAAAAABVAG4AbwAuAEMAbwByAGUALgBFAHgAdABlAG4AcwBpAG8AbgBzAC4ATABvAGcAZwBpAG4AZwAuAFMAaQBuAGcAbABlAHQAbwBuACAAKAB1AGEAcAAxADAALgAwAC4AMQA3ADcANgAzACkAAAAEAXAAAQBQAHIAbwBkAHUAYwB0AFYAZQByAHMAaQBvAG4AAAA0AC4AMAAuADAALQBkAGUAdgAuADcAKwBCAHIAYQBuAGMAaAAuAG0AYQBzAHQAZQByAC4AUwBoAGEALgBmADgANQA4ADkAZgAzADMANABjADAAYwA2AGQANgAyAGYANgA4ADcAZQA5ADkAZQBlADYAOAAwADcAZABjADYAMgBkADUANwA4AGUANgA1AC4AZgA4ADUAOAA5AGYAMwAzADQAYwAwAGMANgBkADYAMgBmADYAOAA3AGUAOQA5AGUAZQA2ADgAMAA3AGQAYwA2ADIAZAA1ADcAOABlADYANQAAADgACAABAEEAcwBzAGUAbQBiAGwAeQAgAFYAZQByAHMAaQBvAG4AAAAxAC4AMAAuADAALgAwAAAA","PDBPresent","","v4.0.30319"
"Uno.Diagnostics.Eventing, Version=255.255.255.255, Culture=neutral, PublicKeyToken=null","","3879028577","8AQ0AAAAVgBTAF8AVgBFAFIAUwBJAE8ATgBfAEkATgBGAE8AAAAAAL0E7/4AAAEA/wD/AP8A/wAAAAAAAAAAAD8AAAAAAAAABAAAAAIAAAAAAAAAAAAAAAAAAABEAAAAAQBWAGEAcgBGAGkAbABlAEkAbgBmAG8AAAAAACQABAAAAFQAcgBhAG4AcwBsAGEAdABpAG8AbgAAAAAAAACwBFAEAAABAFMAdAByAGkAbgBnAEYAaQBsAGUASQBuAGYAbwAAACwEAAABADAAMAAwADAAMAA0AGIAMAAAAGwAKgABAEMAbwBtAG0AZQBuAHQAcwAAAFQAaABlACAAVQBuAG8AIABEAGkAYQBnAG4AbwBzAHQAaQBjAHMAIABmAG8AcgAgAEUAdgBlAG4AdABpAG4AZwAgAGwAaQBiAHIAYQByAHkALgAAADIACQABAEMAbwBtAHAAYQBuAHkATgBhAG0AZQAAAAAAbgB2AGUAbgB0AGkAdgBlAAAAAABaABkAAQBGAGkAbABlAEQAZQBzAGMAcgBpAHAAdABpAG8AbgAAAAAAVQBuAG8ALgBEAGkAYQBnAG4AbwBzAHQAaQBjAHMALgBFAHYAZQBuAHQAaQBuAGcAAAAAAEAAEAABAEYAaQBsAGUAVgBlAHIAcwBpAG8AbgAAAAAAMgA1ADUALgAyADUANQAuADIANQA1AC4AMgA1ADUAAABaAB0AAQBJAG4AdABlAHIAbgBhAGwATgBhAG0AZQAAAFUAbgBvAC4ARABpAGEAZwBuAG8AcwB0AGkAYwBzAC4ARQB2AGUAbgB0AGkAbgBnAC4AZABsAGwAAAAAAJwAPAABAEwAZQBnAGEAbABDAG8AcAB5AHIAaQBnAGgAdAAAAEMAbwBwAHkAcgBpAGcAaAB0ACAAKABDACkAIAAyADAAMQA1AC0AMgAwADIAMQAgAG4AdgBlAG4AdABpAHYAZQAgAGkAbgBjAC4AIAAtACAAYQBsAGwAIAByAGkAZwBoAHQAcwAgAHIAZQBzAGUAcgB2AGUAZAAAAGIAHQABAE8AcgBpAGcAaQBuAGEAbABGAGkAbABlAG4AYQBtAGUAAABVAG4AbwAuAEQAaQBhAGcAbgBvAHMAdABpAGMAcwAuAEUAdgBlAG4AdABpAG4AZwAuAGQAbABsAAAAAAB0ACoAAQBQAHIAbwBkAHUAYwB0AE4AYQBtAGUAAAAAAFUAbgBvAC4ARABpAGEAZwBuAG8AcwB0AGkAYwBzAC4ARQB2AGUAbgB0AGkAbgBnACAAKABuAGUAdABzAHQAYQBuAGQAYQByAGQAMgAuADAAKQAAAL4ATQABAFAAcgBvAGQAdQBjAHQAVgBlAHIAcwBpAG8AbgAAADIALgAwAC4AMQArAEIAcgBhAG4AYwBoAC4AcgBlAGwAZQBhAHMAZQAtAHMAdABhAGIAbABlAC0AMgAuADAALgBTAGgAYQAuADIAMQA5AGEANQAzAGYAMwA3AGIAZgBhAGIAOQA2ADgANwA3ADMAZQBiADcAZAA1ADYAMwBhADkAZgA5ADMAYgBlAGUAZABiADYAMwBlADIAAAAAAEgAEAABAEEAcwBzAGUAbQBiAGwAeQAgAFYAZQByAHMAaQBvAG4AAAAyADUANQAuADIANQA1AC4AMgA1ADUALgAyADUANQAAAA==","PDBPresent","","v4.0.30319"
"Uno.Foundation.Logging, Version=255.255.255.255, Culture=neutral, PublicKeyToken=null","","3179744116","lAQ0AAAAVgBTAF8AVgBFAFIAUwBJAE8ATgBfAEkATgBGAE8AAAAAAL0E7/4AAAEA/wD/AP8A/wAAAAAAAAAAAD8AAAAAAAAABAAAAAIAAAAAAAAAAAAAAAAAAABEAAAAAQBWAGEAcgBGAGkAbABlAEkAbgBmAG8AAAAAACQABAAAAFQAcgBhAG4AcwBsAGEAdABpAG8AbgAAAAAAAACwBPQDAAABAFMAdAByAGkAbgBnAEYAaQBsAGUASQBuAGYAbwAAANADAAABADAAMAAwADAAMAA0AGIAMAAAAE4AFwABAEMAbwBtAHAAYQBuAHkATgBhAG0AZQAAAAAAVQBuAG8ALgBGAG8AdQBuAGQAYQB0AGkAbwBuAC4ATABvAGcAZwBpAG4AZwAAAAAAVgAXAAEARgBpAGwAZQBEAGUAcwBjAHIAaQBwAHQAaQBvAG4AAAAAAFUAbgBvAC4ARgBvAHUAbgBkAGEAdABpAG8AbgAuAEwAbwBnAGcAaQBuAGcAAAAAAEAAEAABAEYAaQBsAGUAVgBlAHIAcwBpAG8AbgAAAAAAMgA1ADUALgAyADUANQAuADIANQA1AC4AMgA1ADUAAABWABsAAQBJAG4AdABlAHIAbgBhAGwATgBhAG0AZQAAAFUAbgBvAC4ARgBvAHUAbgBkAGEAdABpAG8AbgAuAEwAbwBnAGcAaQBuAGcALgBkAGwAbAAAAAAANgAJAAEATABlAGcAYQBsAEMAbwBwAHkAcgBpAGcAaAB0AAAAbgB2AGUAbgB0AGkAdgBlAAAAAABeABsAAQBPAHIAaQBnAGkAbgBhAGwARgBpAGwAZQBuAGEAbQBlAAAAVQBuAG8ALgBGAG8AdQBuAGQAYQB0AGkAbwBuAC4ATABvAGcAZwBpAG4AZwAuAGQAbABsAAAAAACIADQAAQBQAHIAbwBkAHUAYwB0AE4AYQBtAGUAAAAAAFUAbgBvAC4ARgBvAHUAbgBkAGEAdABpAG8AbgAuAEwAbwBnAGcAaQBuAGcAIAAoAG4AZQB0AHMAdABhAG4AZABhAHIAZAAyAC4AMAAgAFcAZQBiAEEAcwBzAGUAbQBiAGwAeQApAAAAEAF2AAEAUAByAG8AZAB1AGMAdABWAGUAcgBzAGkAbwBuAAAANAAuADEALgA4ACsAQgByAGEAbgBjAGgALgByAGUAbABlAGEAcwBlAC0AcwB0AGEAYgBsAGUALQA0AC4AMQAuAFMAaABhAC4AOQA5ADkANQBmADgAMAA4AGQANwA3AGIAZAA0AGYAZQBjADkAOAA2ADcAYgA3AGYAMwA0ADcAZgBlAGYAOQA1ADIAMgA0AGIAMABhAGIAMAAuADkAOQA5ADUAZgA4ADAAOABkADcANwBiAGQANABmAGUAYwA5ADgANgA3AGIANwBmADMANAA3AGYAZQBmADkANQAyADIANABiADAAYQBiADAAAABIABAAAQBBAHMAcwBlAG0AYgBsAHkAIABWAGUAcgBzAGkAbwBuAAAAMgA1ADUALgAyADUANQAuADIANQA1AC4AMgA1ADUAAAA=","PDBPresent","","v4.0.30319"
"Uno.UI.Toolkit, Version=255.255.255.255, Culture=neutral, PublicKeyToken=null","","3676367445","LAQ0AAAAVgBTAF8AVgBFAFIAUwBJAE8ATgBfAEkATgBGAE8AAAAAAL0E7/4AAAEA/wD/AP8A/wAAAAAAAAAAAD8AAAAAAAAABAAAAAIAAAAAAAAAAAAAAAAAAABEAAAAAQBWAGEAcgBGAGkAbABlAEkAbgBmAG8AAAAAACQABAAAAFQAcgBhAG4AcwBsAGEAdABpAG8AbgAAAAAAAACwBIwDAAABAFMAdAByAGkAbgBnAEYAaQBsAGUASQBuAGYAbwAAAGgDAAABADAAMAAwADAAMAA0AGIAMAAAAD4ADwABAEMAbwBtAHAAYQBuAHkATgBhAG0AZQAAAAAAVQBuAG8ALgBVAEkALgBUAG8AbwBsAGsAaQB0AAAAAABGAA8AAQBGAGkAbABlAEQAZQBzAGMAcgBpAHAAdABpAG8AbgAAAAAAVQBuAG8ALgBVAEkALgBUAG8AbwBsAGsAaQB0AAAAAABAABAAAQBGAGkAbABlAFYAZQByAHMAaQBvAG4AAAAAADIANQA1AC4AMgA1ADUALgAyADUANQAuADIANQA1AAAARgATAAEASQBuAHQAZQByAG4AYQBsAE4AYQBtAGUAAABVAG4AbwAuAFUASQAuAFQAbwBvAGwAawBpAHQALgBkAGwAbAAAAAAANgAJAAEATABlAGcAYQBsAEMAbwBwAHkAcgBpAGcAaAB0AAAAbgB2AGUAbgB0AGkAdgBlAAAAAABOABMAAQBPAHIAaQBnAGkAbgBhAGwARgBpAGwAZQBuAGEAbQBlAAAAVQBuAG8ALgBVAEkALgBUAG8AbwBsAGsAaQB0AC4AZABsAGwAAAAAAGAAIAABAFAAcgBvAGQAdQBjAHQATgBhAG0AZQAAAAAAVQBuAG8ALgBVAEkALgBUAG8AbwBsAGsAaQB0ACAAKAB1AGEAcAAxADAALgAwAC4AMQA3ADcANgAzACAAKQAAABABdgABAFAAcgBvAGQAdQBjAHQAVgBlAHIAcwBpAG8AbgAAADQALgAxAC4AOAArAEIAcgBhAG4AYwBoAC4AcgBlAGwAZQBhAHMAZQAtAHMAdABhAGIAbABlAC0ANAAuADEALgBTAGgAYQAuADkAOQA5ADUAZgA4ADAAOABkADcANwBiAGQANABmAGUAYwA5ADgANgA3AGIANwBmADMANAA3AGYAZQBmADkANQAyADIANABiADAAYQBiADAALgA5ADkAOQA1AGYAOAAwADgAZAA3ADcAYgBkADQAZgBlAGMAOQA4ADYANwBiADcAZgAzADQANwBmAGUAZgA5ADUAMgAyADQAYgAwAGEAYgAwAAAASAAQAAEAQQBzAHMAZQBtAGIAbAB5ACAAVgBlAHIAcwBpAG8AbgAAADIANQA1AC4AMgA1ADUALgAyADUANQAuADIANQA1AAAA","PDBPresent","","v4.0.30319"
"System.Runtime.InteropServices, Version=4.2.1.0, Culture=neutral, PublicKeyToken=b03f5f7f11d50a3a","","1598978707","dAU0AAAAVgBTAF8AVgBFAFIAUwBJAE8ATgBfAEkATgBGAE8AAAAAAL0E7/4AAAEABgAEAAIAdXIAAAAAAAAAAD8AAAAAAAAABAAAAAIAAAAAAAAAAAAAAAAAAABEAAAAAQBWAGEAcgBGAGkAbABlAEkAbgBmAG8AAAAAACQABAAAAFQAcgBhAG4AcwBsAGEAdABpAG8AbgAAAAAAAACwBNQEAAABAFMAdAByAGkAbgBnAEYAaQBsAGUASQBuAGYAbwAAALAEAAABADAAMAAwADAAMAA0AGIAMAAAAFYAHwABAEMAbwBtAG0AZQBuAHQAcwAAAFMAeQBzAHQAZQBtAC4AUgB1AG4AdABpAG0AZQAuAEkAbgB0AGUAcgBvAHAAUwBlAHIAdgBpAGMAZQBzAAAAAABMABYAAQBDAG8AbQBwAGEAbgB5AE4AYQBtAGUAAAAAAE0AaQBjAHIAbwBzAG8AZgB0ACAAQwBvAHIAcABvAHIAYQB0AGkAbwBuAAAAZgAfAAEARgBpAGwAZQBEAGUAcwBjAHIAaQBwAHQAaQBvAG4AAAAAAFMAeQBzAHQAZQBtAC4AUgB1AG4AdABpAG0AZQAuAEkAbgB0AGUAcgBvAHAAUwBlAHIAdgBpAGMAZQBzAAAAAAA6AA0AAQBGAGkAbABlAFYAZQByAHMAaQBvAG4AAAAAADQALgA2AC4AMgA5ADMAMAAxAC4AMAAyAAAAAABmACMAAQBJAG4AdABlAHIAbgBhAGwATgBhAG0AZQAAAFMAeQBzAHQAZQBtAC4AUgB1AG4AdABpAG0AZQAuAEkAbgB0AGUAcgBvAHAAUwBlAHIAdgBpAGMAZQBzAC4AZABsAGwAAAAAAIAALgABAEwAZQBnAGEAbABDAG8AcAB5AHIAaQBnAGgAdAAAAKkAIABNAGkAYwByAG8AcwBvAGYAdAAgAEMAbwByAHAAbwByAGEAdABpAG8AbgAuACAAQQBsAGwAIAByAGkAZwBoAHQAcwAgAHIAZQBzAGUAcgB2AGUAZAAuAAAAbgAjAAEATwByAGkAZwBpAG4AYQBsAEYAaQBsAGUAbgBhAG0AZQAAAFMAeQBzAHQAZQBtAC4AUgB1AG4AdABpAG0AZQAuAEkAbgB0AGUAcgBvAHAAUwBlAHIAdgBpAGMAZQBzAC4AZABsAGwAAAAAAFQAGgABAFAAcgBvAGQAdQBjAHQATgBhAG0AZQAAAAAATQBpAGMAcgBvAHMAbwBmAHQArgAgAC4ATgBFAFQAIABGAHIAYQBtAGUAdwBvAHIAawAAAGwBpAABAFAAcgBvAGQAdQBjAHQAVgBlAHIAcwBpAG8AbgAAADQALgA2AC4AMgA5ADMAMAAxAC4AMAAyACAAQABCAHUAaQBsAHQAQgB5ADoAIABkAGwAYQBiADEANAAtAHYAcwAyADAAMQA3AG0AYgA2ADAAMAAwADAAMQAxACAAQABCAHIAYQBuAGMAaAA6ACAAagB1AGgAbwB5AG8AcwBhAC8AdABlAHMAdAAtAHAAbwBvAGwAcwAgAEAAUwByAGMAQwBvAGQAZQA6ACAAaAB0AHQAcABzADoALwAvAGcAaQB0AGgAdQBiAC4AYwBvAG0ALwBkAG8AdABuAGUAdAAvAGMAbwByAGUAZgB4AC8AdAByAGUAZQAvAGIANQAyADEAYQA2AGQAMgBlADkAMwA4AGUANwA1AGYANQA4ADgAOQBjAGEAYQA4ADgANAA0ADEANwA5ADMANQAyAGIAOABlADcAOABkADEAAAA4AAgAAQBBAHMAcwBlAG0AYgBsAHkAIABWAGUAcgBzAGkAbwBuAAAANAAuADIALgAxAC4AMAAAAA==","PDBNotPresent","","v4.0.30319"
"System.Runtime.InteropServices.WindowsRuntime, Version=4.0.3.0, Culture=neutral, PublicKeyToken=b03f5f7f11d50a3a","","1598978688","5AU0AAAAVgBTAF8AVgBFAFIAUwBJAE8ATgBfAEkATgBGAE8AAAAAAL0E7/4AAAEABgAEAAIAdXIAAAAAAAAAAD8AAAAAAAAABAAAAAIAAAAAAAAAAAAAAAAAAABEAAAAAQBWAGEAcgBGAGkAbABlAEkAbgBmAG8AAAAAACQABAAAAFQAcgBhAG4AcwBsAGEAdABpAG8AbgAAAAAAAACwBEQFAAABAFMAdAByAGkAbgBnAEYAaQBsAGUASQBuAGYAbwAAACAFAAABADAAMAAwADAAMAA0AGIAMAAAAHQALgABAEMAbwBtAG0AZQBuAHQAcwAAAFMAeQBzAHQAZQBtAC4AUgB1AG4AdABpAG0AZQAuAEkAbgB0AGUAcgBvAHAAUwBlAHIAdgBpAGMAZQBzAC4AVwBpAG4AZABvAHcAcwBSAHUAbgB0AGkAbQBlAAAATAAWAAEAQwBvAG0AcABhAG4AeQBOAGEAbQBlAAAAAABNAGkAYwByAG8AcwBvAGYAdAAgAEMAbwByAHAAbwByAGEAdABpAG8AbgAAAIQALgABAEYAaQBsAGUARABlAHMAYwByAGkAcAB0AGkAbwBuAAAAAABTAHkAcwB0AGUAbQAuAFIAdQBuAHQAaQBtAGUALgBJAG4AdABlAHIAbwBwAFMAZQByAHYAaQBjAGUAcwAuAFcAaQBuAGQAbwB3AHMAUgB1AG4AdABpAG0AZQAAADoADQABAEYAaQBsAGUAVgBlAHIAcwBpAG8AbgAAAAAANAAuADYALgAyADkAMwAwADEALgAwADIAAAAAAIQAMgABAEkAbgB0AGUAcgBuAGEAbABOAGEAbQBlAAAAUwB5AHMAdABlAG0ALgBSAHUAbgB0AGkAbQBlAC4ASQBuAHQAZQByAG8AcABTAGUAcgB2AGkAYwBlAHMALgBXAGkAbgBkAG8AdwBzAFIAdQBuAHQAaQBtAGUALgBkAGwAbAAAAIAALgABAEwAZQBnAGEAbABDAG8AcAB5AHIAaQBnAGgAdAAAAKkAIABNAGkAYwByAG8AcwBvAGYAdAAgAEMAbwByAHAAbwByAGEAdABpAG8AbgAuACAAQQBsAGwAIAByAGkAZwBoAHQAcwAgAHIAZQBzAGUAcgB2AGUAZAAuAAAAjAAyAAEATwByAGkAZwBpAG4AYQBsAEYAaQBsAGUAbgBhAG0AZQAAAFMAeQBzAHQAZQBtAC4AUgB1AG4AdABpAG0AZQAuAEkAbgB0AGUAcgBvAHAAUwBlAHIAdgBpAGMAZQBzAC4AVwBpAG4AZABvAHcAcwBSAHUAbgB0AGkAbQBlAC4AZABsAGwAAABUABoAAQBQAHIAbwBkAHUAYwB0AE4AYQBtAGUAAAAAAE0AaQBjAHIAbwBzAG8AZgB0AK4AIAAuAE4ARQBUACAARgByAGEAbQBlAHcAbwByAGsAAABsAaQAAQBQAHIAbwBkAHUAYwB0AFYAZQByAHMAaQBvAG4AAAA0AC4ANgAuADIAOQAzADAAMQAuADAAMgAgAEAAQgB1AGkAbAB0AEIAeQA6ACAAZABsAGEAYgAxADQALQB2AHMAMgAwADEANwBtAGIANgAwADAAMAAwADEAMQAgAEAAQgByAGEAbgBjAGgAOgAgAGoAdQBoAG8AeQBvAHMAYQAvAHQAZQBzAHQALQBwAG8AbwBsAHMAIABAAFMAcgBjAEMAbwBkAGUAOgAgAGgAdAB0AHAAcwA6AC8ALwBnAGkAdABoAHUAYgAuAGMAbwBtAC8AZABvAHQAbgBlAHQALwBjAG8AcgBlAGYAeAAvAHQAcgBlAGUALwBiADUAMgAxAGEANgBkADIAZQA5ADMAOABlADcANQBmADUAOAA4ADkAYwBhAGEAOAA4ADQANAAxADcAOQAzADUAMgBiADgAZQA3ADgAZAAxAAAAOAAIAAEAQQBzAHMAZQBtAGIAbAB5ACAAVgBlAHIAcwBpAG8AbgAAADQALgAwAC4AMwAuADAAAAA=","PDBNotPresent","","v4.0.30319"
"System.Numerics.Vectors, Version=4.1.4.0, Culture=neutral, PublicKeyToken=b03f5f7f11d50a3a","","1598978694","NAU0AAAAVgBTAF8AVgBFAFIAUwBJAE8ATgBfAEkATgBGAE8AAAAAAL0E7/4AAAEABgAEAAIAdXIAAAAAAAAAAD8AAAAAAAAABAAAAAIAAAAAAAAAAAAAAAAAAABEAAAAAQBWAGEAcgBGAGkAbABlAEkAbgBmAG8AAAAAACQABAAAAFQAcgBhAG4AcwBsAGEAdABpAG8AbgAAAAAAAACwBJQEAAABAFMAdAByAGkAbgBnAEYAaQBsAGUASQBuAGYAbwAAAHAEAAABADAAMAAwADAAMAA0AGIAMAAAAEgAGAABAEMAbwBtAG0AZQBuAHQAcwAAAFMAeQBzAHQAZQBtAC4ATgB1AG0AZQByAGkAYwBzAC4AVgBlAGMAdABvAHIAcwAAAEwAFgABAEMAbwBtAHAAYQBuAHkATgBhAG0AZQAAAAAATQBpAGMAcgBvAHMAbwBmAHQAIABDAG8AcgBwAG8AcgBhAHQAaQBvAG4AAABYABgAAQBGAGkAbABlAEQAZQBzAGMAcgBpAHAAdABpAG8AbgAAAAAAUwB5AHMAdABlAG0ALgBOAHUAbQBlAHIAaQBjAHMALgBWAGUAYwB0AG8AcgBzAAAAOgANAAEARgBpAGwAZQBWAGUAcgBzAGkAbwBuAAAAAAA0AC4ANgAuADIAOQAzADAAMQAuADAAMgAAAAAAWAAcAAEASQBuAHQAZQByAG4AYQBsAE4AYQBtAGUAAABTAHkAcwB0AGUAbQAuAE4AdQBtAGUAcgBpAGMAcwAuAFYAZQBjAHQAbwByAHMALgBkAGwAbAAAAIAALgABAEwAZQBnAGEAbABDAG8AcAB5AHIAaQBnAGgAdAAAAKkAIABNAGkAYwByAG8AcwBvAGYAdAAgAEMAbwByAHAAbwByAGEAdABpAG8AbgAuACAAQQBsAGwAIAByAGkAZwBoAHQAcwAgAHIAZQBzAGUAcgB2AGUAZAAuAAAAYAAcAAEATwByAGkAZwBpAG4AYQBsAEYAaQBsAGUAbgBhAG0AZQAAAFMAeQBzAHQAZQBtAC4ATgB1AG0AZQByAGkAYwBzAC4AVgBlAGMAdABvAHIAcwAuAGQAbABsAAAAVAAaAAEAUAByAG8AZAB1AGMAdABOAGEAbQBlAAAAAABNAGkAYwByAG8AcwBvAGYAdACuACAALgBOAEUAVAAgAEYAcgBhAG0AZQB3AG8AcgBrAAAAbAGkAAEAUAByAG8AZAB1AGMAdABWAGUAcgBzAGkAbwBuAAAANAAuADYALgAyADkAMwAwADEALgAwADIAIABAAEIAdQBpAGwAdABCAHkAOgAgAGQAbABhAGIAMQA0AC0AdgBzADIAMAAxADcAbQBiADYAMAAwADAAMAAxADEAIABAAEIAcgBhAG4AYwBoADoAIABqAHUAaABvAHkAbwBzAGEALwB0AGUAcwB0AC0AcABvAG8AbABzACAAQABTAHIAYwBDAG8AZABlADoAIABoAHQAdABwAHMAOgAvAC8AZwBpAHQAaAB1AGIALgBjAG8AbQAvAGQAbwB0AG4AZQB0AC8AYwBvAHIAZQBmAHgALwB0AHIAZQBlAC8AYgA1ADIAMQBhADYAZAAyAGUAOQAzADgAZQA3ADUAZgA1ADgAOAA5AGMAYQBhADgAOAA0ADQAMQA3ADkAMwA1ADIAYgA4AGUANwA4AGQAMQAAADgACAABAEEAcwBzAGUAbQBiAGwAeQAgAFYAZQByAHMAaQBvAG4AAAA0AC4AMQAuADQALgAwAAAA","PDBNotPresent","","v4.0.30319"
"System.Runtime.WindowsRuntime, Version=4.0.14.0, Culture=neutral, PublicKeyToken=b77a5c561934e089","","1598978707","ZgU0AAAAVgBTAF8AVgBFAFIAUwBJAE8ATgBfAEkATgBGAE8AAAAAAL0E7/4AAAEABgAEAAIAdXIAAAAAAAAAAD8AAAAAAAAABAAAAAIAAAAAAAAAAAAAAAAAAABEAAAAAQBWAGEAcgBGAGkAbABlAEkAbgBmAG8AAAAAACQABAAAAFQAcgBhAG4AcwBsAGEAdABpAG8AbgAAAAAAAACwBMYEAAABAFMAdAByAGkAbgBnAEYAaQBsAGUASQBuAGYAbwAAAKIEAAABADAAMAAwADAAMAA0AGIAMAAAAFQAHgABAEMAbwBtAG0AZQBuAHQAcwAAAFMAeQBzAHQAZQBtAC4AUgB1AG4AdABpAG0AZQAuAFcAaQBuAGQAbwB3AHMAUgB1AG4AdABpAG0AZQAAAEwAFgABAEMAbwBtAHAAYQBuAHkATgBhAG0AZQAAAAAATQBpAGMAcgBvAHMAbwBmAHQAIABDAG8AcgBwAG8AcgBhAHQAaQBvAG4AAABkAB4AAQBGAGkAbABlAEQAZQBzAGMAcgBpAHAAdABpAG8AbgAAAAAAUwB5AHMAdABlAG0ALgBSAHUAbgB0AGkAbQBlAC4AVwBpAG4AZABvAHcAcwBSAHUAbgB0AGkAbQBlAAAAOgANAAEARgBpAGwAZQBWAGUAcgBzAGkAbwBuAAAAAAA0AC4ANgAuADIAOQAzADAAMQAuADAAMgAAAAAAZAAiAAEASQBuAHQAZQByAG4AYQBsAE4AYQBtAGUAAABTAHkAcwB0AGUAbQAuAFIAdQBuAHQAaQBtAGUALgBXAGkAbgBkAG8AdwBzAFIAdQBuAHQAaQBtAGUALgBkAGwAbAAAAIAALgABAEwAZQBnAGEAbABDAG8AcAB5AHIAaQBnAGgAdAAAAKkAIABNAGkAYwByAG8AcwBvAGYAdAAgAEMAbwByAHAAbwByAGEAdABpAG8AbgAuACAAQQBsAGwAIAByAGkAZwBoAHQAcwAgAHIAZQBzAGUAcgB2AGUAZAAuAAAAbAAiAAEATwByAGkAZwBpAG4AYQBsAEYAaQBsAGUAbgBhAG0AZQAAAFMAeQBzAHQAZQBtAC4AUgB1AG4AdABpAG0AZQAuAFcAaQBuAGQAbwB3AHMAUgB1AG4AdABpAG0AZQAuAGQAbABsAAAAVAAaAAEAUAByAG8AZAB1AGMAdABOAGEAbQBlAAAAAABNAGkAYwByAG8AcwBvAGYAdACuACAALgBOAEUAVAAgAEYAcgBhAG0AZQB3AG8AcgBrAAAAbAGkAAEAUAByAG8AZAB1AGMAdABWAGUAcgBzAGkAbwBuAAAANAAuADYALgAyADkAMwAwADEALgAwADIAIABAAEIAdQBpAGwAdABCAHkAOgAgAGQAbABhAGIAMQA0AC0AdgBzADIAMAAxADcAbQBiADYAMAAwADAAMAAxADEAIABAAEIAcgBhAG4AYwBoADoAIABqAHUAaABvAHkAbwBzAGEALwB0AGUAcwB0AC0AcABvAG8AbABzACAAQABTAHIAYwBDAG8AZABlADoAIABoAHQAdABwAHMAOgAvAC8AZwBpAHQAaAB1AGIALgBjAG8AbQAvAGQAbwB0AG4AZQB0AC8AYwBvAHIAZQBmAHgALwB0AHIAZQBlAC8AYgA1ADIAMQBhADYAZAAyAGUAOQAzADgAZQA3ADUAZgA1ADgAOAA5AGMAYQBhADgAOAA0ADQAMQA3ADkAMwA1ADIAYgA4AGUANwA4AGQAMQAAADoACQABAEEAcwBzAGUAbQBiAGwAeQAgAFYAZQByAHMAaQBvAG4AAAA0AC4AMAAuADEANAAuADAAAAA=","PDBNotPresent","","v4.0.30319"
"System.Runtime.WindowsRuntime.UI.Xaml, Version=4.0.4.0, Culture=neutral, PublicKeyToken=b77a5c561934e089","","1598978750","pAU0AAAAVgBTAF8AVgBFAFIAUwBJAE8ATgBfAEkATgBGAE8AAAAAAL0E7/4AAAEABgAEAAIAdXIAAAAAAAAAAD8AAAAAAAAABAAAAAIAAAAAAAAAAAAAAAAAAABEAAAAAQBWAGEAcgBGAGkAbABlAEkAbgBmAG8AAAAAACQABAAAAFQAcgBhAG4AcwBsAGEAdABpAG8AbgAAAAAAAACwBAQFAAABAFMAdAByAGkAbgBnAEYAaQBsAGUASQBuAGYAbwAAAOAEAAABADAAMAAwADAAMAA0AGIAMAAAAGQAJgABAEMAbwBtAG0AZQBuAHQAcwAAAFMAeQBzAHQAZQBtAC4AUgB1AG4AdABpAG0AZQAuAFcAaQBuAGQAbwB3AHMAUgB1AG4AdABpAG0AZQAuAFUASQAuAFgAYQBtAGwAAABMABYAAQBDAG8AbQBwAGEAbgB5AE4AYQBtAGUAAAAAAE0AaQBjAHIAbwBzAG8AZgB0ACAAQwBvAHIAcABvAHIAYQB0AGkAbwBuAAAAdAAmAAEARgBpAGwAZQBEAGUAcwBjAHIAaQBwAHQAaQBvAG4AAAAAAFMAeQBzAHQAZQBtAC4AUgB1AG4AdABpAG0AZQAuAFcAaQBuAGQAbwB3AHMAUgB1AG4AdABpAG0AZQAuAFUASQAuAFgAYQBtAGwAAAA6AA0AAQBGAGkAbABlAFYAZQByAHMAaQBvAG4AAAAAADQALgA2AC4AMgA5ADMAMAAxAC4AMAAyAAAAAAB0ACoAAQBJAG4AdABlAHIAbgBhAGwATgBhAG0AZQAAAFMAeQBzAHQAZQBtAC4AUgB1AG4AdABpAG0AZQAuAFcAaQBuAGQAbwB3AHMAUgB1AG4AdABpAG0AZQAuAFUASQAuAFgAYQBtAGwALgBkAGwAbAAAAIAALgABAEwAZQBnAGEAbABDAG8AcAB5AHIAaQBnAGgAdAAAAKkAIABNAGkAYwByAG8AcwBvAGYAdAAgAEMAbwByAHAAbwByAGEAdABpAG8AbgAuACAAQQBsAGwAIAByAGkAZwBoAHQAcwAgAHIAZQBzAGUAcgB2AGUAZAAuAAAAfAAqAAEATwByAGkAZwBpAG4AYQBsAEYAaQBsAGUAbgBhAG0AZQAAAFMAeQBzAHQAZQBtAC4AUgB1AG4AdABpAG0AZQAuAFcAaQBuAGQAbwB3AHMAUgB1AG4AdABpAG0AZQAuAFUASQAuAFgAYQBtAGwALgBkAGwAbAAAAFQAGgABAFAAcgBvAGQAdQBjAHQATgBhAG0AZQAAAAAATQBpAGMAcgBvAHMAbwBmAHQArgAgAC4ATgBFAFQAIABGAHIAYQBtAGUAdwBvAHIAawAAAGwBpAABAFAAcgBvAGQAdQBjAHQAVgBlAHIAcwBpAG8AbgAAADQALgA2AC4AMgA5ADMAMAAxAC4AMAAyACAAQABCAHUAaQBsAHQAQgB5ADoAIABkAGwAYQBiADEANAAtAHYAcwAyADAAMQA3AG0AYgA2ADAAMAAwADAAMQAxACAAQABCAHIAYQBuAGMAaAA6ACAAagB1AGgAbwB5AG8AcwBhAC8AdABlAHMAdAAtAHAAbwBvAGwAcwAgAEAAUwByAGMAQwBvAGQAZQA6ACAAaAB0AHQAcABzADoALwAvAGcAaQB0AGgAdQBiAC4AYwBvAG0ALwBkAG8AdABuAGUAdAAvAGMAbwByAGUAZgB4AC8AdAByAGUAZQAvAGIANQAyADEAYQA2AGQAMgBlADkAMwA4AGUANwA1AGYANQA4ADgAOQBjAGEAYQA4ADgANAA0ADEANwA5ADMANQAyAGIAOABlADcAOABkADEAAAA4AAgAAQBBAHMAcwBlAG0AYgBsAHkAIABWAGUAcgBzAGkAbwBuAAAANAAuADAALgA0AC4AMAAAAA==","PDBNotPresent","","v4.0.30319"
"Microsoft.Extensions.Logging, Version=5.0.0.0, Culture=neutral, PublicKeyToken=adb9793829ddae60","","2537675172","aAQ0AAAAVgBTAF8AVgBFAFIAUwBJAE8ATgBfAEkATgBGAE8AAAAAAL0E7/4AAAEAAAAFAMDKFAAAAAUAAAAAAD8AAAAAAAAABAAAAAIAAAAAAAAAAAAAAAAAAABEAAAAAQBWAGEAcgBGAGkAbABlAEkAbgBmAG8AAAAAACQABAAAAFQAcgBhAG4AcwBsAGEAdABpAG8AbgAAAAAAAACwBMgDAAABAFMAdAByAGkAbgBnAEYAaQBsAGUASQBuAGYAbwAAAKQDAAABADAAMAAwADAAMAA0AGIAMAAAAFIAHQABAEMAbwBtAG0AZQBuAHQAcwAAAE0AaQBjAHIAbwBzAG8AZgB0AC4ARQB4AHQAZQBuAHMAaQBvAG4AcwAuAEwAbwBnAGcAaQBuAGcAAAAAAEwAFgABAEMAbwBtAHAAYQBuAHkATgBhAG0AZQAAAAAATQBpAGMAcgBvAHMAbwBmAHQAIABDAG8AcgBwAG8AcgBhAHQAaQBvAG4AAABiAB0AAQBGAGkAbABlAEQAZQBzAGMAcgBpAHAAdABpAG8AbgAAAAAATQBpAGMAcgBvAHMAbwBmAHQALgBFAHgAdABlAG4AcwBpAG8AbgBzAC4ATABvAGcAZwBpAG4AZwAAAAAAOgANAAEARgBpAGwAZQBWAGUAcgBzAGkAbwBuAAAAAAA1AC4AMAAuADIAMAAuADUAMQA5ADAANAAAAAAAYgAhAAEASQBuAHQAZQByAG4AYQBsAE4AYQBtAGUAAABNAGkAYwByAG8AcwBvAGYAdAAuAEUAeAB0AGUAbgBzAGkAbwBuAHMALgBMAG8AZwBnAGkAbgBnAC4AZABsAGwAAAAAAIAALgABAEwAZQBnAGEAbABDAG8AcAB5AHIAaQBnAGgAdAAAAKkAIABNAGkAYwByAG8AcwBvAGYAdAAgAEMAbwByAHAAbwByAGEAdABpAG8AbgAuACAAQQBsAGwAIAByAGkAZwBoAHQAcwAgAHIAZQBzAGUAcgB2AGUAZAAuAAAAagAhAAEATwByAGkAZwBpAG4AYQBsAEYAaQBsAGUAbgBhAG0AZQAAAE0AaQBjAHIAbwBzAG8AZgB0AC4ARQB4AHQAZQBuAHMAaQBvAG4AcwAuAEwAbwBnAGcAaQBuAGcALgBkAGwAbAAAAAAAQAAQAAEAUAByAG8AZAB1AGMAdABOAGEAbQBlAAAAAABNAGkAYwByAG8AcwBvAGYAdACuACAALgBOAEUAVAAAAIIALwABAFAAcgBvAGQAdQBjAHQAVgBlAHIAcwBpAG8AbgAAADUALgAwAC4AMAArAGMAZgAyADUAOABhADEANABiADcAMABhAGQAOQAwADYAOQA0ADcAMABhADEAMAA4AGYAMQAzADcANgA1AGUAMABlADUAOQA4ADgAZgA1ADEAAAAAADgACAABAEEAcwBzAGUAbQBiAGwAeQAgAFYAZQByAHMAaQBvAG4AAAA1AC4AMAAuADAALgAwAAAA","PDBNotPresent","","v4.0.30319"
"Microsoft.Extensions.Logging.Abstractions, Version=5.0.0.0, Culture=neutral, PublicKeyToken=adb9793829ddae60","","2818148304","yAQ0AAAAVgBTAF8AVgBFAFIAUwBJAE8ATgBfAEkATgBGAE8AAAAAAL0E7/4AAAEAAAAFAMDKFAAAAAUAAAAAAD8AAAAAAAAABAAAAAIAAAAAAAAAAAAAAAAAAABEAAAAAQBWAGEAcgBGAGkAbABlAEkAbgBmAG8AAAAAACQABAAAAFQAcgBhAG4AcwBsAGEAdABpAG8AbgAAAAAAAACwBCgEAAABAFMAdAByAGkAbgBnAEYAaQBsAGUASQBuAGYAbwAAAAQEAAABADAAMAAwADAAMAA0AGIAMAAAAGwAKgABAEMAbwBtAG0AZQBuAHQAcwAAAE0AaQBjAHIAbwBzAG8AZgB0AC4ARQB4AHQAZQBuAHMAaQBvAG4AcwAuAEwAbwBnAGcAaQBuAGcALgBBAGIAcwB0AHIAYQBjAHQAaQBvAG4AcwAAAEwAFgABAEMAbwBtAHAAYQBuAHkATgBhAG0AZQAAAAAATQBpAGMAcgBvAHMAbwBmAHQAIABDAG8AcgBwAG8AcgBhAHQAaQBvAG4AAAB8ACoAAQBGAGkAbABlAEQAZQBzAGMAcgBpAHAAdABpAG8AbgAAAAAATQBpAGMAcgBvAHMAbwBmAHQALgBFAHgAdABlAG4AcwBpAG8AbgBzAC4ATABvAGcAZwBpAG4AZwAuAEEAYgBzAHQAcgBhAGMAdABpAG8AbgBzAAAAOgANAAEARgBpAGwAZQBWAGUAcgBzAGkAbwBuAAAAAAA1AC4AMAAuADIAMAAuADUAMQA5ADAANAAAAAAAfAAuAAEASQBuAHQAZQByAG4AYQBsAE4AYQBtAGUAAABNAGkAYwByAG8AcwBvAGYAdAAuAEUAeAB0AGUAbgBzAGkAbwBuAHMALgBMAG8AZwBnAGkAbgBnAC4AQQBiAHMAdAByAGEAYwB0AGkAbwBuAHMALgBkAGwAbAAAAIAALgABAEwAZQBnAGEAbABDAG8AcAB5AHIAaQBnAGgAdAAAAKkAIABNAGkAYwByAG8AcwBvAGYAdAAgAEMAbwByAHAAbwByAGEAdABpAG8AbgAuACAAQQBsAGwAIAByAGkAZwBoAHQAcwAgAHIAZQBzAGUAcgB2AGUAZAAuAAAAhAAuAAEATwByAGkAZwBpAG4AYQBsAEYAaQBsAGUAbgBhAG0AZQAAAE0AaQBjAHIAbwBzAG8AZgB0AC4ARQB4AHQAZQBuAHMAaQBvAG4AcwAuAEwAbwBnAGcAaQBuAGcALgBBAGIAcwB0AHIAYQBjAHQAaQBvAG4AcwAuAGQAbABsAAAAQAAQAAEAUAByAG8AZAB1AGMAdABOAGEAbQBlAAAAAABNAGkAYwByAG8AcwBvAGYAdACuACAALgBOAEUAVAAAAIIALwABAFAAcgBvAGQAdQBjAHQAVgBlAHIAcwBpAG8AbgAAADUALgAwAC4AMAArAGMAZgAyADUAOABhADEANABiADcAMABhAGQAOQAwADYAOQA0ADcAMABhADEAMAA4AGYAMQAzADcANgA1AGUAMABlADUAOQA4ADgAZgA1ADEAAAAAADgACAABAEEAcwBzAGUAbQBiAGwAeQAgAFYAZQByAHMAaQBvAG4AAAA1AC4AMAAuADAALgAwAAAA","PDBNotPresent","","v4.0.30319"
"Microsoft.Extensions.Logging.Debug, Version=5.0.0.0, Culture=neutral, PublicKeyToken=adb9793829ddae60","","2242442146","mAQ0AAAAVgBTAF8AVgBFAFIAUwBJAE8ATgBfAEkATgBGAE8AAAAAAL0E7/4AAAEAAAAFAMDKFAAAAAUAAAAAAD8AAAAAAAAABAAAAAIAAAAAAAAAAAAAAAAAAABEAAAAAQBWAGEAcgBGAGkAbABlAEkAbgBmAG8AAAAAACQABAAAAFQAcgBhAG4AcwBsAGEAdABpAG8AbgAAAAAAAACwBPgDAAABAFMAdAByAGkAbgBnAEYAaQBsAGUASQBuAGYAbwAAANQDAAABADAAMAAwADAAMAA0AGIAMAAAAF4AIwABAEMAbwBtAG0AZQBuAHQAcwAAAE0AaQBjAHIAbwBzAG8AZgB0AC4ARQB4AHQAZQBuAHMAaQBvAG4AcwAuAEwAbwBnAGcAaQBuAGcALgBEAGUAYgB1AGcAAAAAAEwAFgABAEMAbwBtAHAAYQBuAHkATgBhAG0AZQAAAAAATQBpAGMAcgBvAHMAbwBmAHQAIABDAG8AcgBwAG8AcgBhAHQAaQBvAG4AAABuACMAAQBGAGkAbABlAEQAZQBzAGMAcgBpAHAAdABpAG8AbgAAAAAATQBpAGMAcgBvAHMAbwBmAHQALgBFAHgAdABlAG4AcwBpAG8AbgBzAC4ATABvAGcAZwBpAG4AZwAuAEQAZQBiAHUAZwAAAAAAOgANAAEARgBpAGwAZQBWAGUAcgBzAGkAbwBuAAAAAAA1AC4AMAAuADIAMAAuADUAMQA5ADAANAAAAAAAbgAnAAEASQBuAHQAZQByAG4AYQBsAE4AYQBtAGUAAABNAGkAYwByAG8AcwBvAGYAdAAuAEUAeAB0AGUAbgBzAGkAbwBuAHMALgBMAG8AZwBnAGkAbgBnAC4ARABlAGIAdQBnAC4AZABsAGwAAAAAAIAALgABAEwAZQBnAGEAbABDAG8AcAB5AHIAaQBnAGgAdAAAAKkAIABNAGkAYwByAG8AcwBvAGYAdAAgAEMAbwByAHAAbwByAGEAdABpAG8AbgAuACAAQQBsAGwAIAByAGkAZwBoAHQAcwAgAHIAZQBzAGUAcgB2AGUAZAAuAAAAdgAnAAEATwByAGkAZwBpAG4AYQBsAEYAaQBsAGUAbgBhAG0AZQAAAE0AaQBjAHIAbwBzAG8AZgB0AC4ARQB4AHQAZQBuAHMAaQBvAG4AcwAuAEwAbwBnAGcAaQBuAGcALgBEAGUAYgB1AGcALgBkAGwAbAAAAAAAQAAQAAEAUAByAG8AZAB1AGMAdABOAGEAbQBlAAAAAABNAGkAYwByAG8AcwBvAGYAdACuACAALgBOAEUAVAAAAIIALwABAFAAcgBvAGQAdQBjAHQAVgBlAHIAcwBpAG8AbgAAADUALgAwAC4AMAArAGMAZgAyADUAOABhADEANABiADcAMABhAGQAOQAwADYAOQA0ADcAMABhADEAMAA4AGYAMQAzADcANgA1AGUAMABlADUAOQA4ADgAZgA1ADEAAAAAADgACAABAEEAcwBzAGUAbQBiAGwAeQAgAFYAZQByAHMAaQBvAG4AAAA1AC4AMAAuADAALgAwAAAA","PDBNotPresent","","v4.0.30319"
"System.Private.StackTraceGenerator, Version=4.0.0.0, Culture=neutral, PublicKeyToken=b03f5f7f11d50a3a","","1605224617","xAQ0AAAAVgBTAF8AVgBFAFIAUwBJAE8ATgBfAEkATgBGAE8AAAAAAL0E7/4AAAEABgAEAAEASHMAAAAAAAAAAD8AAAAAAAAABAAAAAIAAAAAAAAAAAAAAAAAAABEAAAAAQBWAGEAcgBGAGkAbABlAEkAbgBmAG8AAAAAACQABAAAAFQAcgBhAG4AcwBsAGEAdABpAG8AbgAAAAAAAACwBCQEAAABAFMAdAByAGkAbgBnAEYAaQBsAGUASQBuAGYAbwAAAAAEAAABADAAMAAwADAAMAA0AGIAMAAAAF4AIwABAEMAbwBtAG0AZQBuAHQAcwAAAFMAeQBzAHQAZQBtAC4AUAByAGkAdgBhAHQAZQAuAFMAdABhAGMAawBUAHIAYQBjAGUARwBlAG4AZQByAGEAdABvAHIAAAAAAEwAFgABAEMAbwBtAHAAYQBuAHkATgBhAG0AZQAAAAAATQBpAGMAcgBvAHMAbwBmAHQAIABDAG8AcgBwAG8AcgBhAHQAaQBvAG4AAABuACMAAQBGAGkAbABlAEQAZQBzAGMAcgBpAHAAdABpAG8AbgAAAAAAUwB5AHMAdABlAG0ALgBQAHIAaQB2AGEAdABlAC4AUwB0AGEAYwBrAFQAcgBhAGMAZQBHAGUAbgBlAHIAYQB0AG8AcgAAAAAAOgANAAEARgBpAGwAZQBWAGUAcgBzAGkAbwBuAAAAAAA0AC4ANgAuADIAOQA1ADEAMgAuADAAMQAAAAAAbgAnAAEASQBuAHQAZQByAG4AYQBsAE4AYQBtAGUAAABTAHkAcwB0AGUAbQAuAFAAcgBpAHYAYQB0AGUALgBTAHQAYQBjAGsAVAByAGEAYwBlAEcAZQBuAGUAcgBhAHQAbwByAC4AZABsAGwAAAAAAIIALwABAEwAZQBnAGEAbABDAG8AcAB5AHIAaQBnAGgAdAAAAKkAIABNAGkAYwByAG8AcwBvAGYAdAAgAEMAbwByAHAAbwByAGEAdABpAG8AbgAuACAAIABBAGwAbAAgAHIAaQBnAGgAdABzACAAcgBlAHMAZQByAHYAZQBkAC4AAAAAAHYAJwABAE8AcgBpAGcAaQBuAGEAbABGAGkAbABlAG4AYQBtAGUAAABTAHkAcwB0AGUAbQAuAFAAcgBpAHYAYQB0AGUALgBTAHQAYQBjAGsAVAByAGEAYwBlAEcAZQBuAGUAcgBhAHQAbwByAC4AZABsAGwAAAAAAFQAGgABAFAAcgBvAGQAdQBjAHQATgBhAG0AZQAAAAAATQBpAGMAcgBvAHMAbwBmAHQArgAgAC4ATgBFAFQAIABGAHIAYQBtAGUAdwBvAHIAawAAAJgAOgABAFAAcgBvAGQAdQBjAHQAVgBlAHIAcwBpAG8AbgAAADQALgA2AC4AMgA5ADUAMQAyAC4AMAAxACAAYgB1AGkAbAB0ACAAYgB5ADoAIABkAGwAYQBiADEANAAtAEQARABCAEwARAAzADQAMgBCAC4AIABDAG8AbQBtAGkAdAAgAEgAYQBzAGgAOgAgAE4ALwBBAAAAOAAIAAEAQQBzAHMAZQBtAGIAbAB5ACAAVgBlAHIAcwBpAG8AbgAAADQALgAwAC4AMAAuADAAAAA=","PDBPresent","","v4.0.30319"
"System.Runtime.CompilerServices.Unsafe, Version=5.0.0.0, Culture=neutral, PublicKeyToken=b03f5f7f11d50a3a","","1603133204","uAQ0AAAAVgBTAF8AVgBFAFIAUwBJAE8ATgBfAEkATgBGAE8AAAAAAL0E7/4AAAEAAAAFAMDKFAAAAAUAAAAAAD8AAAAAAAAABAAAAAIAAAAAAAAAAAAAAAAAAABEAAAAAQBWAGEAcgBGAGkAbABlAEkAbgBmAG8AAAAAACQABAAAAFQAcgBhAG4AcwBsAGEAdABpAG8AbgAAAAAAAACwBBgEAAABAFMAdAByAGkAbgBnAEYAaQBsAGUASQBuAGYAbwAAAPQDAAABADAAMAAwADAAMAA0AGIAMAAAAGYAJwABAEMAbwBtAG0AZQBuAHQAcwAAAFMAeQBzAHQAZQBtAC4AUgB1AG4AdABpAG0AZQAuAEMAbwBtAHAAaQBsAGUAcgBTAGUAcgB2AGkAYwBlAHMALgBVAG4AcwBhAGYAZQAAAAAATAAWAAEAQwBvAG0AcABhAG4AeQBOAGEAbQBlAAAAAABNAGkAYwByAG8AcwBvAGYAdAAgAEMAbwByAHAAbwByAGEAdABpAG8AbgAAAHYAJwABAEYAaQBsAGUARABlAHMAYwByAGkAcAB0AGkAbwBuAAAAAABTAHkAcwB0AGUAbQAuAFIAdQBuAHQAaQBtAGUALgBDAG8AbQBwAGkAbABlAHIAUwBlAHIAdgBpAGMAZQBzAC4AVQBuAHMAYQBmAGUAAAAAADoADQABAEYAaQBsAGUAVgBlAHIAcwBpAG8AbgAAAAAANQAuADAALgAyADAALgA1ADEAOQAwADQAAAAAAHYAKwABAEkAbgB0AGUAcgBuAGEAbABOAGEAbQBlAAAAUwB5AHMAdABlAG0ALgBSAHUAbgB0AGkAbQBlAC4AQwBvAG0AcABpAGwAZQByAFMAZQByAHYAaQBjAGUAcwAuAFUAbgBzAGEAZgBlAC4AZABsAGwAAAAAAIAALgABAEwAZQBnAGEAbABDAG8AcAB5AHIAaQBnAGgAdAAAAKkAIABNAGkAYwByAG8AcwBvAGYAdAAgAEMAbwByAHAAbwByAGEAdABpAG8AbgAuACAAQQBsAGwAIAByAGkAZwBoAHQAcwAgAHIAZQBzAGUAcgB2AGUAZAAuAAAAfgArAAEATwByAGkAZwBpAG4AYQBsAEYAaQBsAGUAbgBhAG0AZQAAAFMAeQBzAHQAZQBtAC4AUgB1AG4AdABpAG0AZQAuAEMAbwBtAHAAaQBsAGUAcgBTAGUAcgB2AGkAYwBlAHMALgBVAG4AcwBhAGYAZQAuAGQAbABsAAAAAABAABAAAQBQAHIAbwBkAHUAYwB0AE4AYQBtAGUAAAAAAE0AaQBjAHIAbwBzAG8AZgB0AK4AIAAuAE4ARQBUAAAAggAvAAEAUAByAG8AZAB1AGMAdABWAGUAcgBzAGkAbwBuAAAANQAuADAALgAwACsAYwBmADIANQA4AGEAMQA0AGIANwAwAGEAZAA5ADAANgA5ADQANwAwAGEAMQAwADgAZgAxADMANwA2ADUAZQAwAGUANQA5ADgAOABmADUAMQAAAAAAOAAIAAEAQQBzAHMAZQBtAGIAbAB5ACAAVgBlAHIAcwBpAG8AbgAAADUALgAwAC4AMAAuADAAAAA=","PDBNotPresent","","v4.0.30319"
"System.ComponentModel, Version=4.0.3.0, Culture=neutral, PublicKeyToken=b03f5f7f11d50a3a","","1598978727","JAU0AAAAVgBTAF8AVgBFAFIAUwBJAE8ATgBfAEkATgBGAE8AAAAAAL0E7/4AAAEABgAEAAIAdXIAAAAAAAAAAD8AAAAAAAAABAAAAAIAAAAAAAAAAAAAAAAAAABEAAAAAQBWAGEAcgBGAGkAbABlAEkAbgBmAG8AAAAAACQABAAAAFQAcgBhAG4AcwBsAGEAdABpAG8AbgAAAAAAAACwBIQEAAABAFMAdAByAGkAbgBnAEYAaQBsAGUASQBuAGYAbwAAAGAEAAABADAAMAAwADAAMAA0AGIAMAAAAEQAFgABAEMAbwBtAG0AZQBuAHQAcwAAAFMAeQBzAHQAZQBtAC4AQwBvAG0AcABvAG4AZQBuAHQATQBvAGQAZQBsAAAATAAWAAEAQwBvAG0AcABhAG4AeQBOAGEAbQBlAAAAAABNAGkAYwByAG8AcwBvAGYAdAAgAEMAbwByAHAAbwByAGEAdABpAG8AbgAAAFQAFgABAEYAaQBsAGUARABlAHMAYwByAGkAcAB0AGkAbwBuAAAAAABTAHkAcwB0AGUAbQAuAEMAbwBtAHAAbwBuAGUAbgB0AE0AbwBkAGUAbAAAADoADQABAEYAaQBsAGUAVgBlAHIAcwBpAG8AbgAAAAAANAAuADYALgAyADkAMwAwADEALgAwADIAAAAAAFQAGgABAEkAbgB0AGUAcgBuAGEAbABOAGEAbQBlAAAAUwB5AHMAdABlAG0ALgBDAG8AbQBwAG8AbgBlAG4AdABNAG8AZABlAGwALgBkAGwAbAAAAIAALgABAEwAZQBnAGEAbABDAG8AcAB5AHIAaQBnAGgAdAAAAKkAIABNAGkAYwByAG8AcwBvAGYAdAAgAEMAbwByAHAAbwByAGEAdABpAG8AbgAuACAAQQBsAGwAIAByAGkAZwBoAHQAcwAgAHIAZQBzAGUAcgB2AGUAZAAuAAAAXAAaAAEATwByAGkAZwBpAG4AYQBsAEYAaQBsAGUAbgBhAG0AZQAAAFMAeQBzAHQAZQBtAC4AQwBvAG0AcABvAG4AZQBuAHQATQBvAGQAZQBsAC4AZABsAGwAAABUABoAAQBQAHIAbwBkAHUAYwB0AE4AYQBtAGUAAAAAAE0AaQBjAHIAbwBzAG8AZgB0AK4AIAAuAE4ARQBUACAARgByAGEAbQBlAHcAbwByAGsAAABsAaQAAQBQAHIAbwBkAHUAYwB0AFYAZQByAHMAaQBvAG4AAAA0AC4ANgAuADIAOQAzADAAMQAuADAAMgAgAEAAQgB1AGkAbAB0AEIAeQA6ACAAZABsAGEAYgAxADQALQB2AHMAMgAwADEANwBtAGIANgAwADAAMAAwADEAMQAgAEAAQgByAGEAbgBjAGgAOgAgAGoAdQBoAG8AeQBvAHMAYQAvAHQAZQBzAHQALQBwAG8AbwBsAHMAIABAAFMAcgBjAEMAbwBkAGUAOgAgAGgAdAB0AHAAcwA6AC8ALwBnAGkAdABoAHUAYgAuAGMAbwBtAC8AZABvAHQAbgBlAHQALwBjAG8AcgBlAGYAeAAvAHQAcgBlAGUALwBiADUAMgAxAGEANgBkADIAZQA5ADMAOABlADcANQBmADUAOAA4ADkAYwBhAGEAOAA4ADQANAAxADcAOQAzADUAMgBiADgAZQA3ADgAZAAxAAAAOAAIAAEAQQBzAHMAZQBtAGIAbAB5ACAAVgBlAHIAcwBpAG8AbgAAADQALgAwAC4AMwAuADAAAAA=","PDBNotPresent","","v4.0.30319"
"Microsoft.Extensions.DependencyInjection.Abstractions, Version=5.0.0.0, Culture=neutral, PublicKeyToken=adb9793829ddae60","","2417958238","KAU0AAAAVgBTAF8AVgBFAFIAUwBJAE8ATgBfAEkATgBGAE8AAAAAAL0E7/4AAAEAAAAFAMDKFAAAAAUAAAAAAD8AAAAAAAAABAAAAAIAAAAAAAAAAAAAAAAAAABEAAAAAQBWAGEAcgBGAGkAbABlAEkAbgBmAG8AAAAAACQABAAAAFQAcgBhAG4AcwBsAGEAdABpAG8AbgAAAAAAAACwBIgEAAABAFMAdAByAGkAbgBnAEYAaQBsAGUASQBuAGYAbwAAAGQEAAABADAAMAAwADAAMAA0AGIAMAAAAIQANgABAEMAbwBtAG0AZQBuAHQAcwAAAE0AaQBjAHIAbwBzAG8AZgB0AC4ARQB4AHQAZQBuAHMAaQBvAG4AcwAuAEQAZQBwAGUAbgBkAGUAbgBjAHkASQBuAGoAZQBjAHQAaQBvAG4ALgBBAGIAcwB0AHIAYQBjAHQAaQBvAG4AcwAAAEwAFgABAEMAbwBtAHAAYQBuAHkATgBhAG0AZQAAAAAATQBpAGMAcgBvAHMAbwBmAHQAIABDAG8AcgBwAG8AcgBhAHQAaQBvAG4AAACUADYAAQBGAGkAbABlAEQAZQBzAGMAcgBpAHAAdABpAG8AbgAAAAAATQBpAGMAcgBvAHMAbwBmAHQALgBFAHgAdABlAG4AcwBpAG8AbgBzAC4ARABlAHAAZQBuAGQAZQBuAGMAeQBJAG4AagBlAGMAdABpAG8AbgAuAEEAYgBzAHQAcgBhAGMAdABpAG8AbgBzAAAAOgANAAEARgBpAGwAZQBWAGUAcgBzAGkAbwBuAAAAAAA1AC4AMAAuADIAMAAuADUAMQA5ADAANAAAAAAAlAA6AAEASQBuAHQAZQByAG4AYQBsAE4AYQBtAGUAAABNAGkAYwByAG8AcwBvAGYAdAAuAEUAeAB0AGUAbgBzAGkAbwBuAHMALgBEAGUAcABlAG4AZABlAG4AYwB5AEkAbgBqAGUAYwB0AGkAbwBuAC4AQQBiAHMAdAByAGEAYwB0AGkAbwBuAHMALgBkAGwAbAAAAIAALgABAEwAZQBnAGEAbABDAG8AcAB5AHIAaQBnAGgAdAAAAKkAIABNAGkAYwByAG8AcwBvAGYAdAAgAEMAbwByAHAAbwByAGEAdABpAG8AbgAuACAAQQBsAGwAIAByAGkAZwBoAHQAcwAgAHIAZQBzAGUAcgB2AGUAZAAuAAAAnAA6AAEATwByAGkAZwBpAG4AYQBsAEYAaQBsAGUAbgBhAG0AZQAAAE0AaQBjAHIAbwBzAG8AZgB0AC4ARQB4AHQAZQBuAHMAaQBvAG4AcwAuAEQAZQBwAGUAbgBkAGUAbgBjAHkASQBuAGoAZQBjAHQAaQBvAG4ALgBBAGIAcwB0AHIAYQBjAHQAaQBvAG4AcwAuAGQAbABsAAAAQAAQAAEAUAByAG8AZAB1AGMAdABOAGEAbQBlAAAAAABNAGkAYwByAG8AcwBvAGYAdACuACAALgBOAEUAVAAAAIIALwABAFAAcgBvAGQAdQBjAHQAVgBlAHIAcwBpAG8AbgAAADUALgAwAC4AMAArAGMAZgAyADUAOABhADEANABiADcAMABhAGQAOQAwADYAOQA0ADcAMABhADEAMAA4AGYAMQAzADcANgA1AGUAMABlADUAOQA4ADgAZgA1ADEAAAAAADgACAABAEEAcwBzAGUAbQBiAGwAeQAgAFYAZQByAHMAaQBvAG4AAAA1AC4AMAAuADAALgAwAAAA","PDBNotPresent","","v4.0.30319"
"Microsoft.Extensions.Options, Version=5.0.0.0, Culture=neutral, PublicKeyToken=adb9793829ddae60","","2885550904","aAQ0AAAAVgBTAF8AVgBFAFIAUwBJAE8ATgBfAEkATgBGAE8AAAAAAL0E7/4AAAEAAAAFAMDKFAAAAAUAAAAAAD8AAAAAAAAABAAAAAIAAAAAAAAAAAAAAAAAAABEAAAAAQBWAGEAcgBGAGkAbABlAEkAbgBmAG8AAAAAACQABAAAAFQAcgBhAG4AcwBsAGEAdABpAG8AbgAAAAAAAACwBMgDAAABAFMAdAByAGkAbgBnAEYAaQBsAGUASQBuAGYAbwAAAKQDAAABADAAMAAwADAAMAA0AGIAMAAAAFIAHQABAEMAbwBtAG0AZQBuAHQAcwAAAE0AaQBjAHIAbwBzAG8AZgB0AC4ARQB4AHQAZQBuAHMAaQBvAG4AcwAuAE8AcAB0AGkAbwBuAHMAAAAAAEwAFgABAEMAbwBtAHAAYQBuAHkATgBhAG0AZQAAAAAATQBpAGMAcgBvAHMAbwBmAHQAIABDAG8AcgBwAG8AcgBhAHQAaQBvAG4AAABiAB0AAQBGAGkAbABlAEQAZQBzAGMAcgBpAHAAdABpAG8AbgAAAAAATQBpAGMAcgBvAHMAbwBmAHQALgBFAHgAdABlAG4AcwBpAG8AbgBzAC4ATwBwAHQAaQBvAG4AcwAAAAAAOgANAAEARgBpAGwAZQBWAGUAcgBzAGkAbwBuAAAAAAA1AC4AMAAuADIAMAAuADUAMQA5ADAANAAAAAAAYgAhAAEASQBuAHQAZQByAG4AYQBsAE4AYQBtAGUAAABNAGkAYwByAG8AcwBvAGYAdAAuAEUAeAB0AGUAbgBzAGkAbwBuAHMALgBPAHAAdABpAG8AbgBzAC4AZABsAGwAAAAAAIAALgABAEwAZQBnAGEAbABDAG8AcAB5AHIAaQBnAGgAdAAAAKkAIABNAGkAYwByAG8AcwBvAGYAdAAgAEMAbwByAHAAbwByAGEAdABpAG8AbgAuACAAQQBsAGwAIAByAGkAZwBoAHQAcwAgAHIAZQBzAGUAcgB2AGUAZAAuAAAAagAhAAEATwByAGkAZwBpAG4AYQBsAEYAaQBsAGUAbgBhAG0AZQAAAE0AaQBjAHIAbwBzAG8AZgB0AC4ARQB4AHQAZQBuAHMAaQBvAG4AcwAuAE8AcAB0AGkAbwBuAHMALgBkAGwAbAAAAAAAQAAQAAEAUAByAG8AZAB1AGMAdABOAGEAbQBlAAAAAABNAGkAYwByAG8AcwBvAGYAdACuACAALgBOAEUAVAAAAIIALwABAFAAcgBvAGQAdQBjAHQAVgBlAHIAcwBpAG8AbgAAADUALgAwAC4AMAArAGMAZgAyADUAOABhADEANABiADcAMABhAGQAOQAwADYAOQA0ADcAMABhADEAMAA4AGYAMQAzADcANgA1AGUAMABlADUAOQA4ADgAZgA1ADEAAAAAADgACAABAEEAcwBzAGUAbQBiAGwAeQAgAFYAZQByAHMAaQBvAG4AAAA1AC4AMAAuADAALgAwAAAA","PDBNotPresent","","v4.0.30319"
"Microsoft.Extensions.DependencyInjection, Version=5.0.0.0, Culture=neutral, PublicKeyToken=adb9793829ddae60","","2841751671","yAQ0AAAAVgBTAF8AVgBFAFIAUwBJAE8ATgBfAEkATgBGAE8AAAAAAL0E7/4AAAEAAAAFAMDKFAAAAAUAAAAAAD8AAAAAAAAABAAAAAIAAAAAAAAAAAAAAAAAAABEAAAAAQBWAGEAcgBGAGkAbABlAEkAbgBmAG8AAAAAACQABAAAAFQAcgBhAG4AcwBsAGEAdABpAG8AbgAAAAAAAACwBCgEAAABAFMAdAByAGkAbgBnAEYAaQBsAGUASQBuAGYAbwAAAAQEAAABADAAMAAwADAAMAA0AGIAMAAAAGoAKQABAEMAbwBtAG0AZQBuAHQAcwAAAE0AaQBjAHIAbwBzAG8AZgB0AC4ARQB4AHQAZQBuAHMAaQBvAG4AcwAuAEQAZQBwAGUAbgBkAGUAbgBjAHkASQBuAGoAZQBjAHQAaQBvAG4AAAAAAEwAFgABAEMAbwBtAHAAYQBuAHkATgBhAG0AZQAAAAAATQBpAGMAcgBvAHMAbwBmAHQAIABDAG8AcgBwAG8AcgBhAHQAaQBvAG4AAAB6ACkAAQBGAGkAbABlAEQAZQBzAGMAcgBpAHAAdABpAG8AbgAAAAAATQBpAGMAcgBvAHMAbwBmAHQALgBFAHgAdABlAG4AcwBpAG8AbgBzAC4ARABlAHAAZQBuAGQAZQBuAGMAeQBJAG4AagBlAGMAdABpAG8AbgAAAAAAOgANAAEARgBpAGwAZQBWAGUAcgBzAGkAbwBuAAAAAAA1AC4AMAAuADIAMAAuADUAMQA5ADAANAAAAAAAegAtAAEASQBuAHQAZQByAG4AYQBsAE4AYQBtAGUAAABNAGkAYwByAG8AcwBvAGYAdAAuAEUAeAB0AGUAbgBzAGkAbwBuAHMALgBEAGUAcABlAG4AZABlAG4AYwB5AEkAbgBqAGUAYwB0AGkAbwBuAC4AZABsAGwAAAAAAIAALgABAEwAZQBnAGEAbABDAG8AcAB5AHIAaQBnAGgAdAAAAKkAIABNAGkAYwByAG8AcwBvAGYAdAAgAEMAbwByAHAAbwByAGEAdABpAG8AbgAuACAAQQBsAGwAIAByAGkAZwBoAHQAcwAgAHIAZQBzAGUAcgB2AGUAZAAuAAAAggAtAAEATwByAGkAZwBpAG4AYQBsAEYAaQBsAGUAbgBhAG0AZQAAAE0AaQBjAHIAbwBzAG8AZgB0AC4ARQB4AHQAZQBuAHMAaQBvAG4AcwAuAEQAZQBwAGUAbgBkAGUAbgBjAHkASQBuAGoAZQBjAHQAaQBvAG4ALgBkAGwAbAAAAAAAQAAQAAEAUAByAG8AZAB1AGMAdABOAGEAbQBlAAAAAABNAGkAYwByAG8AcwBvAGYAdACuACAALgBOAEUAVAAAAIIALwABAFAAcgBvAGQAdQBjAHQAVgBlAHIAcwBpAG8AbgAAADUALgAwAC4AMAArAGMAZgAyADUAOABhADEANABiADcAMABhAGQAOQAwADYAOQA0ADcAMABhADEAMAA4AGYAMQAzADcANgA1AGUAMABlADUAOQA4ADgAZgA1ADEAAAAAADgACAABAEEAcwBzAGUAbQBiAGwAeQAgAFYAZQByAHMAaQBvAG4AAAA1AC4AMAAuADAALgAwAAAA","PDBNotPresent","","v4.0.30319"
"System.Diagnostics.DiagnosticSource, Version=5.0.0.0, Culture=neutral, PublicKeyToken=cc7b13ffcd2ddd51","","2604207118","mAQ0AAAAVgBTAF8AVgBFAFIAUwBJAE8ATgBfAEkATgBGAE8AAAAAAL0E7/4AAAEAAAAFAMDKFAAAAAUAAAAAAD8AAAAAAAAABAAAAAIAAAAAAAAAAAAAAAAAAABEAAAAAQBWAGEAcgBGAGkAbABlAEkAbgBmAG8AAAAAACQABAAAAFQAcgBhAG4AcwBsAGEAdABpAG8AbgAAAAAAAACwBPgDAAABAFMAdAByAGkAbgBnAEYAaQBsAGUASQBuAGYAbwAAANQDAAABADAAMAAwADAAMAA0AGIAMAAAAGAAJAABAEMAbwBtAG0AZQBuAHQAcwAAAFMAeQBzAHQAZQBtAC4ARABpAGEAZwBuAG8AcwB0AGkAYwBzAC4ARABpAGEAZwBuAG8AcwB0AGkAYwBTAG8AdQByAGMAZQAAAEwAFgABAEMAbwBtAHAAYQBuAHkATgBhAG0AZQAAAAAATQBpAGMAcgBvAHMAbwBmAHQAIABDAG8AcgBwAG8AcgBhAHQAaQBvAG4AAABwACQAAQBGAGkAbABlAEQAZQBzAGMAcgBpAHAAdABpAG8AbgAAAAAAUwB5AHMAdABlAG0ALgBEAGkAYQBnAG4AbwBzAHQAaQBjAHMALgBEAGkAYQBnAG4AbwBzAHQAaQBjAFMAbwB1AHIAYwBlAAAAOgANAAEARgBpAGwAZQBWAGUAcgBzAGkAbwBuAAAAAAA1AC4AMAAuADIAMAAuADUAMQA5ADAANAAAAAAAcAAoAAEASQBuAHQAZQByAG4AYQBsAE4AYQBtAGUAAABTAHkAcwB0AGUAbQAuAEQAaQBhAGcAbgBvAHMAdABpAGMAcwAuAEQAaQBhAGcAbgBvAHMAdABpAGMAUwBvAHUAcgBjAGUALgBkAGwAbAAAAIAALgABAEwAZQBnAGEAbABDAG8AcAB5AHIAaQBnAGgAdAAAAKkAIABNAGkAYwByAG8AcwBvAGYAdAAgAEMAbwByAHAAbwByAGEAdABpAG8AbgAuACAAQQBsAGwAIAByAGkAZwBoAHQAcwAgAHIAZQBzAGUAcgB2AGUAZAAuAAAAeAAoAAEATwByAGkAZwBpAG4AYQBsAEYAaQBsAGUAbgBhAG0AZQAAAFMAeQBzAHQAZQBtAC4ARABpAGEAZwBuAG8AcwB0AGkAYwBzAC4ARABpAGEAZwBuAG8AcwB0AGkAYwBTAG8AdQByAGMAZQAuAGQAbABsAAAAQAAQAAEAUAByAG8AZAB1AGMAdABOAGEAbQBlAAAAAABNAGkAYwByAG8AcwBvAGYAdACuACAALgBOAEUAVAAAAIIALwABAFAAcgBvAGQAdQBjAHQAVgBlAHIAcwBpAG8AbgAAADUALgAwAC4AMAArAGMAZgAyADUAOABhADEANABiADcAMABhAGQAOQAwADYAOQA0ADcAMABhADEAMAA4AGYAMQAzADcANgA1AGUAMABlADUAOQA4ADgAZgA1ADEAAAAAADgACAABAEEAcwBzAGUAbQBiAGwAeQAgAFYAZQByAHMAaQBvAG4AAAA1AC4AMAAuADAALgAwAAAA","PDBNotPresent","","v4.0.30319"
"Microsoft.Extensions.Primitives, Version=5.0.0.0, Culture=neutral, PublicKeyToken=adb9793829ddae60","","2493293137","eAQ0AAAAVgBTAF8AVgBFAFIAUwBJAE8ATgBfAEkATgBGAE8AAAAAAL0E7/4AAAEAAAAFAMDKFAAAAAUAAAAAAD8AAAAAAAAABAAAAAIAAAAAAAAAAAAAAAAAAABEAAAAAQBWAGEAcgBGAGkAbABlAEkAbgBmAG8AAAAAACQABAAAAFQAcgBhAG4AcwBsAGEAdABpAG8AbgAAAAAAAACwBNgDAAABAFMAdAByAGkAbgBnAEYAaQBsAGUASQBuAGYAbwAAALQDAAABADAAMAAwADAAMAA0AGIAMAAAAFgAIAABAEMAbwBtAG0AZQBuAHQAcwAAAE0AaQBjAHIAbwBzAG8AZgB0AC4ARQB4AHQAZQBuAHMAaQBvAG4AcwAuAFAAcgBpAG0AaQB0AGkAdgBlAHMAAABMABYAAQBDAG8AbQBwAGEAbgB5AE4AYQBtAGUAAAAAAE0AaQBjAHIAbwBzAG8AZgB0ACAAQwBvAHIAcABvAHIAYQB0AGkAbwBuAAAAaAAgAAEARgBpAGwAZQBEAGUAcwBjAHIAaQBwAHQAaQBvAG4AAAAAAE0AaQBjAHIAbwBzAG8AZgB0AC4ARQB4AHQAZQBuAHMAaQBvAG4AcwAuAFAAcgBpAG0AaQB0AGkAdgBlAHMAAAA6AA0AAQBGAGkAbABlAFYAZQByAHMAaQBvAG4AAAAAADUALgAwAC4AMgAwAC4ANQAxADkAMAA0AAAAAABoACQAAQBJAG4AdABlAHIAbgBhAGwATgBhAG0AZQAAAE0AaQBjAHIAbwBzAG8AZgB0AC4ARQB4AHQAZQBuAHMAaQBvAG4AcwAuAFAAcgBpAG0AaQB0AGkAdgBlAHMALgBkAGwAbAAAAIAALgABAEwAZQBnAGEAbABDAG8AcAB5AHIAaQBnAGgAdAAAAKkAIABNAGkAYwByAG8AcwBvAGYAdAAgAEMAbwByAHAAbwByAGEAdABpAG8AbgAuACAAQQBsAGwAIAByAGkAZwBoAHQAcwAgAHIAZQBzAGUAcgB2AGUAZAAuAAAAcAAkAAEATwByAGkAZwBpAG4AYQBsAEYAaQBsAGUAbgBhAG0AZQAAAE0AaQBjAHIAbwBzAG8AZgB0AC4ARQB4AHQAZQBuAHMAaQBvAG4AcwAuAFAAcgBpAG0AaQB0AGkAdgBlAHMALgBkAGwAbAAAAEAAEAABAFAAcgBvAGQAdQBjAHQATgBhAG0AZQAAAAAATQBpAGMAcgBvAHMAbwBmAHQArgAgAC4ATgBFAFQAAACCAC8AAQBQAHIAbwBkAHUAYwB0AFYAZQByAHMAaQBvAG4AAAA1AC4AMAAuADAAKwBjAGYAMgA1ADgAYQAxADQAYgA3ADAAYQBkADkAMAA2ADkANAA3ADAAYQAxADAAOABmADEAMwA3ADYANQBlADAAZQA1ADkAOAA4AGYANQAxAAAAAAA4AAgAAQBBAHMAcwBlAG0AYgBsAHkAIABWAGUAcgBzAGkAbwBuAAAANQAuADAALgAwAC4AMAAAAA==","PDBNotPresent","","v4.0.30319"
"Microsoft.Bcl.AsyncInterfaces, Version=5.0.0.0, Culture=neutral, PublicKeyToken=cc7b13ffcd2ddd51","","2269738881","aAQ0AAAAVgBTAF8AVgBFAFIAUwBJAE8ATgBfAEkATgBGAE8AAAAAAL0E7/4AAAEAAAAFAMDKFAAAAAUAAAAAAD8AAAAAAAAABAAAAAIAAAAAAAAAAAAAAAAAAABEAAAAAQBWAGEAcgBGAGkAbABlAEkAbgBmAG8AAAAAACQABAAAAFQAcgBhAG4AcwBsAGEAdABpAG8AbgAAAAAAAACwBMgDAAABAFMAdAByAGkAbgBnAEYAaQBsAGUASQBuAGYAbwAAAKQDAAABADAAMAAwADAAMAA0AGIAMAAAAFQAHgABAEMAbwBtAG0AZQBuAHQAcwAAAE0AaQBjAHIAbwBzAG8AZgB0AC4AQgBjAGwALgBBAHMAeQBuAGMASQBuAHQAZQByAGYAYQBjAGUAcwAAAEwAFgABAEMAbwBtAHAAYQBuAHkATgBhAG0AZQAAAAAATQBpAGMAcgBvAHMAbwBmAHQAIABDAG8AcgBwAG8AcgBhAHQAaQBvAG4AAABkAB4AAQBGAGkAbABlAEQAZQBzAGMAcgBpAHAAdABpAG8AbgAAAAAATQBpAGMAcgBvAHMAbwBmAHQALgBCAGMAbAAuAEEAcwB5AG4AYwBJAG4AdABlAHIAZgBhAGMAZQBzAAAAOgANAAEARgBpAGwAZQBWAGUAcgBzAGkAbwBuAAAAAAA1AC4AMAAuADIAMAAuADUAMQA5ADAANAAAAAAAZAAiAAEASQBuAHQAZQByAG4AYQBsAE4AYQBtAGUAAABNAGkAYwByAG8AcwBvAGYAdAAuAEIAYwBsAC4AQQBzAHkAbgBjAEkAbgB0AGUAcgBmAGEAYwBlAHMALgBkAGwAbAAAAIAALgABAEwAZQBnAGEAbABDAG8AcAB5AHIAaQBnAGgAdAAAAKkAIABNAGkAYwByAG8AcwBvAGYAdAAgAEMAbwByAHAAbwByAGEAdABpAG8AbgAuACAAQQBsAGwAIAByAGkAZwBoAHQAcwAgAHIAZQBzAGUAcgB2AGUAZAAuAAAAbAAiAAEATwByAGkAZwBpAG4AYQBsAEYAaQBsAGUAbgBhAG0AZQAAAE0AaQBjAHIAbwBzAG8AZgB0AC4AQgBjAGwALgBBAHMAeQBuAGMASQBuAHQAZQByAGYAYQBjAGUAcwAuAGQAbABsAAAAQAAQAAEAUAByAG8AZAB1AGMAdABOAGEAbQBlAAAAAABNAGkAYwByAG8AcwBvAGYAdACuACAALgBOAEUAVAAAAIIALwABAFAAcgBvAGQAdQBjAHQAVgBlAHIAcwBpAG8AbgAAADUALgAwAC4AMAArAGMAZgAyADUAOABhADEANABiADcAMABhAGQAOQAwADYAOQA0ADcAMABhADEAMAA4AGYAMQAzADcANgA1AGUAMABlADUAOQA4ADgAZgA1ADEAAAAAADgACAABAEEAcwBzAGUAbQBiAGwAeQAgAFYAZQByAHMAaQBvAG4AAAA1AC4AMAAuADAALgAwAAAA","PDBNotPresent","","v4.0.30319"
"StreamingClientLinux.McgInterop, Version=0.0.0.0, Culture=neutral, PublicKeyToken=null","","1647703084","pAI0AAAAVgBTAF8AVgBFAFIAUwBJAE8ATgBfAEkATgBGAE8AAAAAAL0E7/4AAAEAAAAAAAAAAAAAAAAAAAAAAD8AAAAAAAAABAAAAAIAAAAAAAAAAAAAAAAAAABEAAAAAQBWAGEAcgBGAGkAbABlAEkAbgBmAG8AAAAAACQABAAAAFQAcgBhAG4AcwBsAGEAdABpAG8AbgAAAAAAAACwBAQCAAABAFMAdAByAGkAbgBnAEYAaQBsAGUASQBuAGYAbwAAAOABAAABADAAMAAwADAAMAA0AGIAMAAAACwAAgABAEYAaQBsAGUARABlAHMAYwByAGkAcAB0AGkAbwBuAAAAAAAgAAAAMAAIAAEARgBpAGwAZQBWAGUAcgBzAGkAbwBuAAAAAAAwAC4AMAAuADAALgAwAAAAaAAkAAEASQBuAHQAZQByAG4AYQBsAE4AYQBtAGUAAABTAHQAcgBlAGEAbQBpAG4AZwBDAGwAaQBlAG4AdABMAGkAbgB1AHgALgBNAGMAZwBJAG4AdABlAHIAbwBwAC4AZABsAGwAAAAoAAIAAQBMAGUAZwBhAGwAQwBvAHAAeQByAGkAZwBoAHQAAAAgAAAAcAAkAAEATwByAGkAZwBpAG4AYQBsAEYAaQBsAGUAbgBhAG0AZQAAAFMAdAByAGUAYQBtAGkAbgBnAEMAbABpAGUAbgB0AEwAaQBuAHUAeAAuAE0AYwBnAEkAbgB0AGUAcgBvAHAALgBkAGwAbAAAADQACAABAFAAcgBvAGQAdQBjAHQAVgBlAHIAcwBpAG8AbgAAADAALgAwAC4AMAAuADAAAAA4AAgAAQBBAHMAcwBlAG0AYgBsAHkAIABWAGUAcgBzAGkAbwBuAAAAMAAuADAALgAwAC4AMAAAAA==","PDBPresent","","v4.0.30319"
